-- phpMyAdmin SQL Dump
-- version 4.9.11
-- https://www.phpmyadmin.net/
--
-- Hôte : db5010493162.hosting-data.io
-- Généré le : mer. 18 oct. 2023 à 08:32
-- Version du serveur : 5.7.42-log
-- Version de PHP : 7.0.33-0+deb9u12

SET SQL_MODE = "NO_AUTO_VALUE_ON_ZERO";
SET AUTOCOMMIT = 0;
START TRANSACTION;
SET time_zone = "+00:00";


/*!40101 SET @OLD_CHARACTER_SET_CLIENT=@@CHARACTER_SET_CLIENT */;
/*!40101 SET @OLD_CHARACTER_SET_RESULTS=@@CHARACTER_SET_RESULTS */;
/*!40101 SET @OLD_COLLATION_CONNECTION=@@COLLATION_CONNECTION */;
/*!40101 SET NAMES utf8mb4 */;

--
-- Base de données : `dbs8886736`
--

-- --------------------------------------------------------

--
-- Structure de la table `best_scorer`
--

CREATE TABLE `best_scorer` (
  `id_joueur` int(11) NOT NULL,
  `name` varchar(255) NOT NULL,
  `nb_but` int(11) NOT NULL
) ENGINE=InnoDB DEFAULT CHARSET=utf8 ROW_FORMAT=DYNAMIC;

--
-- Déchargement des données de la table `best_scorer`
--

INSERT INTO `best_scorer` (`id_joueur`, `name`, `nb_but`) VALUES
(1, 'Valencia', 3),
(2, 'Saka', 3),
(3, 'Bellingham', 1),
(4, 'Sterling', 1),
(5, 'Rashford', 3),
(6, 'Gakpo', 3),
(7, 'Taremi', 2),
(8, 'Giroud', 4),
(9, 'Mbappe', 8),
(10, 'Richarlison', 2),
(11, 'Ferran', 2),
(12, 'Morata', 3),
(13, 'Messi', 7),
(14, 'Alvarez', 4);

-- --------------------------------------------------------

--
-- Structure de la table `classements`
--

CREATE TABLE `classements` (
  `type` varchar(50) NOT NULL,
  `owner_id` int(11) NOT NULL,
  `points` int(11) NOT NULL DEFAULT '0',
  `bonus` int(11) NOT NULL DEFAULT '0',
  `nb_perf` int(11) NOT NULL DEFAULT '0',
  `nb_correct_plus` int(11) NOT NULL DEFAULT '0',
  `nb_correct` int(11) NOT NULL DEFAULT '0',
  `nb_inverse` int(11) NOT NULL DEFAULT '0',
  `nb_echec` int(11) NOT NULL DEFAULT '0',
  `rang` int(11) NOT NULL DEFAULT '1'
) ENGINE=InnoDB DEFAULT CHARSET=utf8 ROW_FORMAT=DYNAMIC;

--
-- Déchargement des données de la table `classements`
--

INSERT INTO `classements` (`type`, `owner_id`, `points`, `bonus`, `nb_perf`, `nb_correct_plus`, `nb_correct`, `nb_inverse`, `nb_echec`, `rang`) VALUES
('general', 1, 130, 6, 5, 0, 29, 2, 28, 13),
('general', 3, 140, 11, 7, 0, 25, 5, 27, 8),
('general', 4, 134, 1, 5, 0, 32, 2, 25, 10),
('general', 5, 153, 11, 10, 0, 24, 0, 30, 2),
('general', 6, 160, 11, 8, 0, 30, 3, 23, 1),
('general', 7, 151, 21, 6, 0, 29, 1, 28, 3),
('general', 8, 138, 11, 5, 0, 30, 2, 27, 9),
('general', 9, 113, 1, 4, 0, 28, 0, 32, 18),
('general', 10, 148, 1, 8, 0, 29, 4, 23, 5),
('general', 11, 124, 11, 6, 0, 23, 2, 33, 14),
('general', 12, 150, 16, 5, 0, 33, 0, 26, 4),
('general', 13, 106, 1, 2, 0, 30, 1, 31, 20),
('general', 14, 110, 2, 5, 0, 23, 4, 32, 19),
('general', 15, 105, 16, 2, 0, 23, 6, 33, 22),
('general', 16, 142, 6, 6, 0, 31, 1, 26, 7),
('general', 17, 118, 6, 4, 0, 27, 3, 30, 15),
('general', 18, 105, 2, 6, 0, 20, 1, 37, 22),
('general', 19, 133, 1, 8, 0, 25, 1, 30, 11),
('general', 20, 114, 1, 6, 0, 23, 2, 33, 17),
('general', 21, 106, 1, 3, 0, 27, 3, 31, 20),
('general', 22, 146, 1, 8, 0, 29, 2, 25, 6),
('general', 23, 115, 1, 5, 0, 26, 1, 32, 16),
('general', 24, 131, 6, 6, 0, 27, 2, 29, 12);

-- --------------------------------------------------------

--
-- Structure de la table `coequipiers`
--

CREATE TABLE `coequipiers` (
  `id` int(11) NOT NULL,
  `nom` varchar(255) NOT NULL
) ENGINE=InnoDB DEFAULT CHARSET=utf8 ROW_FORMAT=DYNAMIC;

-- --------------------------------------------------------

--
-- Structure de la table `demandes`
--

CREATE TABLE `demandes` (
  `id_demande` int(11) NOT NULL,
  `nom` varchar(255) NOT NULL,
  `prenom` varchar(255) NOT NULL,
  `surnom` varchar(255) NOT NULL,
  `mail` varchar(255) NOT NULL,
  `telephone` varchar(255) NOT NULL,
  `payement` varchar(255) NOT NULL,
  `description` varchar(4024) NOT NULL,
  `id_joueur` int(11) DEFAULT NULL
) ENGINE=InnoDB DEFAULT CHARSET=utf8 ROW_FORMAT=DYNAMIC;

--
-- Déchargement des données de la table `demandes`
--

INSERT INTO `demandes` (`id_demande`, `nom`, `prenom`, `surnom`, `mail`, `telephone`, `payement`, `description`, `id_joueur`) VALUES
(2, 'Lorain', 'Christo', 'Boubou0606', 'Christopher.lorain@hotmail.fr', '0788597852', 'virement', 'Mathys le poulpe ', NULL),
(3, 'Lorain', 'Steven', 'Titish', 'titish77@hotmail.com', '0699244942', 'virement', 'N’essayez pas de m’en empêcher !', NULL),
(4, 'Jousseau ', 'Bernard ', 'Papi a moi', 'Varadero77@hotmail.fr', '0620694215', 'cheque', 'La passion du jeu me guide à chaque pas de ma vie\r\nBonne chance à tous', NULL),
(5, 'COURTAUX', 'Michaël', 'MajinMikki', 'michael.courtaux@gmail.com', '0614434816', 'virement', '', NULL),
(6, 'Courtaux', 'Olivier', 'Angus93 ', 'grisbleu99@yahoo.fr', '0612253231', 'liquide', 'Fluctuat nec mergitur ', NULL),
(7, 'JOUSSEAU', 'Jean Marc', 'Le Dab', 'jmj75000@outlook.fr', '0786293653', 'cheque', 'Grand beau et fort…..!!!!!', NULL),
(8, 'Jousseau', 'Tristan ', 'Polo', 'tjousseau@gmail.com', '0699810013', 'liquide', '', NULL),
(9, 'Jousseau', 'Romain', 'Nouch', 'joussor.romain@gmail.com', '0679057347', 'virement', 'Beau intelligent énorme bite ', NULL),
(10, 'Jousseau', 'Solene', 'Soso', 'Solene.teisseire@icloud.com', '0786793794', 'liquide', '', NULL),
(11, 'JOUSSEAU', 'Alexandre', 'Nenest', 'alexandre.jousseau@hotmail.com', '0669342488', 'virement', 'Je n\'ai pas changé il va falloir cesser de toujours demander une description. C\'est vraiment infernal tout les ans c\'est le même bordel merde !!!\r\nBisous', NULL),
(12, 'JOUSSEAU', 'Elodie', 'Elo', 'elodiegarandel@hotmail.fr', '0614263071', 'virement', 'Ne ce prononce pas ', NULL),
(13, 'Lorain ', 'Patrick ', 'Vert pâle', 'Par.lesverts@gmail.com', '0641871359', 'cheque', 'Aime bien flirter en fin de peloton ', NULL),
(14, 'Jousseau', 'Christine', 'Alvorada ', 'christine.jousseau@orange.fr', '0644162773', 'cheque', '', NULL),
(15, 'Jousseau ', 'Christian ', 'Tatoute', 'Ch.jousseau@gmail.com ', '0695546077', 'liquide', 'Ici pour gagner dans le respect des participants. J’Y CROIS......', NULL),
(16, 'Jousseau ', 'Odile', 'Mamie loute', 'Dam-_papillon@live.fr', '0620694215', 'liquide', 'Contenter de vous retrouver  j’espère que mon mari ne va pas m’aider car il est trop fort...\r\n', NULL),
(17, 'bonnet', 'fred', 'Serge Couillard', 'fredo.bonnet77@gmail.com', '0674606120', 'virement', 'Salut Flo,ton pere m\'a donné le lien pour participer au jeu.je te fais un virement cet apreme.bisous Fred.\r\n\r\nj\'ai passé le lien a jéjé il va peut être participer.', NULL),
(18, 'Bernard ', 'Cindy', 'La C*', 'bernardcindy@live.fr', '0663671813', 'virement', '', NULL),
(19, 'Jousseau', 'Tom', 'Tomilovni', 'tomjousseau@icloud.com', '0788642655', 'liquide', 'Je vais gagner !!!!! ', NULL),
(20, 'Jousseau', 'Joan', 'Jojobean ', 'joanjousseau@icloud.com', '0673875531', 'liquide', 'Complotiste', NULL),
(21, 'Jousseau', 'Julien', 'Bonne Pioche', 'julien.jousseau@hotmail.fr', '0785227372', 'liquide', 'Je suis là pour emmener mon leader en haut du sommet … et le laisser gagner comme très souvent ! D’ailleurs Bravo Bernard pour cette belle victoire ! Cette année Big Up à mon sponsor Bonne Pioche Maitrise D’œuvre pour vous servir ! Forza 44 ', NULL),
(22, 'Jousseau', 'Raphael', 'Rapha', 'jousseauraphael@yahoo.com', '0785227372', 'liquide', '', NULL),
(23, 'Di placido', 'Jorick', 'ULTRAVIOLET77', 'jojo-dipla@live.fr', '0601351487', 'liquide', '', NULL);

-- --------------------------------------------------------

--
-- Structure de la table `equipes`
--

CREATE TABLE `equipes` (
  `id_equipe` int(11) NOT NULL,
  `name` varchar(255) NOT NULL,
  `group` varchar(1) NOT NULL,
  `image` varchar(255) NOT NULL,
  `logo` varchar(255) NOT NULL DEFAULT 'images\\flag\\',
  `color` varchar(255) NOT NULL
) ENGINE=InnoDB DEFAULT CHARSET=utf8 ROW_FORMAT=DYNAMIC;

--
-- Déchargement des données de la table `equipes`
--

INSERT INTO `equipes` (`id_equipe`, `name`, `group`, `image`, `logo`, `color`) VALUES
(1, 'Qatar', 'A', '', 'images\\flag\\QAT.webp', '#65112d'),
(2, 'Équateur', 'A', '', 'images\\flag\\ECU.webp', '#faea0e'),
(3, 'Sénégal', 'A', '', 'images\\flag\\SEN.webp', '#138f55'),
(4, 'Pays-Bas', 'A', '', 'images\\flag\\NED.webp', '#ff7e04'),
(5, 'Angleterre', 'B', '', 'images\\flag\\ENG.webp', '#ffffff'),
(6, 'Iran', 'B', '', 'images\\flag\\IRN.webp', '#950c0c'),
(7, 'États-Unis', 'B', '', 'images\\flag\\USA.webp', '#292975'),
(8, 'Pays de Galles', 'B', '', 'images\\flag\\WAL.webp', '#179355'),
(9, 'Argentine', 'C', '', 'images\\flag\\ARG.webp', '#5bbee9'),
(10, 'Arabie saoudite', 'C', '', 'images\\flag\\KSA.webp', '#004300'),
(11, 'Mexique', 'C', '', 'images\\flag\\MEX.webp', '#159153'),
(12, 'Pologne', 'C', '', 'images\\flag\\POL.webp', '#dc171d'),
(13, 'France', 'D', '', 'images\\flag\\FRA.webp', '#000066'),
(14, 'Danemark', 'D', '', 'images\\flag\\DEN.webp', '#dc171d'),
(15, 'Tunisie', 'D', '', 'images\\flag\\TUN.webp', '#dc171e'),
(16, 'Australie', 'D', '', 'images\\flag\\AUS.webp', '#e1d71d'),
(17, 'Espagne', 'E', '', 'images\\flag\\ESP.jpg', '#dc080d'),
(18, 'Allemagne', 'E', '', 'images\\flag\\GER.webp', '#000000'),
(19, 'Japon', 'E', '', 'images\\flag\\JPN.webp', '#fff'),
(20, 'Costa Rica', 'E', '', 'images\\flag\\CRC.webp', '#012987'),
(21, 'Belgique', 'F', '', 'images\\flag\\BEL.webp', '#dc151d'),
(22, 'Canada', 'F', '', 'images\\flag\\CAN.webp', '#dc171e'),
(23, 'Maroc', 'F', '', 'images\\flag\\MAR.webp', '#db161d'),
(24, 'Croatie', 'F', '', 'images\\flag\\CRO.webp', '#db161d'),
(25, 'Brésil', 'G', '', 'images\\flag\\BRA.webp', '#ffec00'),
(26, 'Serbie', 'G', '', 'images\\flag\\SRB.webp', '#dc080d'),
(27, 'Suisse', 'G', '', 'images\\flag\\SUI.webp', '#dc080d'),
(28, 'Cameroun', 'G', '', 'images\\flag\\CMR.webp', '#ffec00'),
(29, 'Portugal', 'H', '', 'images\\flag\\POR.webp', '#149153'),
(30, 'Ghana', 'H', '', 'images\\flag\\GHA.webp', '#fcea0d'),
(31, 'Uruguay', 'H', '', 'images\\flag\\URU.webp', '#5bbee9'),
(32, 'Rép. de Corée', 'H', '', 'images\\flag\\KOR.webp', '#fff');

-- --------------------------------------------------------

--
-- Structure de la table `etat`
--

CREATE TABLE `etat` (
  `id` int(11) NOT NULL,
  `attribut` varchar(25) NOT NULL,
  `value` int(1) NOT NULL
) ENGINE=InnoDB DEFAULT CHARSET=utf8;

--
-- Déchargement des données de la table `etat`
--

INSERT INTO `etat` (`id`, `attribut`, `value`) VALUES
(1, 'PRONOS_BONUS', 0),
(2, 'PRONOS', 0);

-- --------------------------------------------------------

--
-- Structure de la table `historic_rang`
--

CREATE TABLE `historic_rang` (
  `type` varchar(50) NOT NULL,
  `id_owner` int(11) NOT NULL,
  `date` date NOT NULL,
  `rang` int(11) NOT NULL,
  `points` int(11) NOT NULL
) ENGINE=InnoDB DEFAULT CHARSET=utf8 ROW_FORMAT=DYNAMIC;

-- --------------------------------------------------------

--
-- Structure de la table `joker`
--

CREATE TABLE `joker` (
  `id_membre` int(11) NOT NULL,
  `joker_double_match` int(11) NOT NULL,
  `joker_double_point` int(4) DEFAULT '-1',
  `joker_score_match` int(11) DEFAULT NULL,
  `joker_score_match_pronos` varchar(255) DEFAULT NULL,
  `joker_score_point` int(4) DEFAULT '-1',
  `joker_but_match` int(11) NOT NULL,
  `joker_but_point` int(4) DEFAULT '-1'
) ENGINE=InnoDB DEFAULT CHARSET=utf8 ROW_FORMAT=DYNAMIC;

-- --------------------------------------------------------

--
-- Structure de la table `joueurs`
--

CREATE TABLE `joueurs` (
  `id_joueur` int(6) UNSIGNED NOT NULL,
  `prenom` varchar(50) NOT NULL,
  `nom` varchar(50) DEFAULT NULL,
  `surnom` varchar(50) DEFAULT NULL,
  `email` varchar(50) DEFAULT NULL,
  `password` varchar(50) DEFAULT NULL,
  `image` varchar(300) DEFAULT 'images/user/default.jpg',
  `departement` int(6) DEFAULT NULL,
  `telephone` varchar(255) NOT NULL,
  `payed` tinyint(1) NOT NULL DEFAULT '0',
  `updated` tinyint(1) NOT NULL DEFAULT '0',
  `female` tinyint(1) NOT NULL DEFAULT '0',
  `modif_profil` tinyint(1) NOT NULL DEFAULT '0',
  `modif_match` tinyint(1) NOT NULL DEFAULT '0',
  `modif_bonus` tinyint(1) NOT NULL DEFAULT '0',
  `modif_joker` tinyint(1) NOT NULL DEFAULT '0',
  `description` varchar(4024) DEFAULT NULL,
  `equipe` int(11) DEFAULT NULL,
  `oauth` enum('Yes','No') NOT NULL DEFAULT 'No',
  `status` enum('active','inactive') NOT NULL DEFAULT 'active',
  `color` varchar(100) NOT NULL DEFAULT '#9c2950'
) ENGINE=InnoDB DEFAULT CHARSET=utf8 ROW_FORMAT=DYNAMIC;

--
-- Déchargement des données de la table `joueurs`
--

INSERT INTO `joueurs` (`id_joueur`, `prenom`, `nom`, `surnom`, `email`, `password`, `image`, `departement`, `telephone`, `payed`, `updated`, `female`, `modif_profil`, `modif_match`, `modif_bonus`, `modif_joker`, `description`, `equipe`, `oauth`, `status`, `color`) VALUES
(1, 'Florian ', 'Jousseau', 'La Flouf', 'f.jousseau@gmail.com', 'admin', 'images/user/1.jpg', 94, '0760851992', 1, 0, 0, 1, 1, 1, 0, 'Président directeur général de la Odette Cup', 25, 'No', 'active', '#ffec00'),
(3, 'Christo', 'Lorain', 'Boubou0606', 'Christopher.lorain@hotmail.fr', 'gerrard77', 'images/user/58B87CA0-1848-4AF6-8205-6BD1088FE1CA.jpeg', NULL, '0788597852', 1, 0, 0, 1, 1, 1, 0, 'Mathys le poulpe ', 9, 'No', 'active', '#5bbee9'),
(4, 'Steven', 'Lorain', 'Titish', 'titish77@hotmail.com', 'Mathys666', 'images/user/8D760386-2D46-4D3C-BFF6-92FF3E31A4DB.jpeg', NULL, '0699244942', 1, 0, 0, 1, 1, 1, 0, '', 25, 'No', 'active', '#ffec00'),
(5, 'Bernard', 'Jousseau', 'Papi a moi', 'Varadero77@hotmail.fr', 'poupdam62', 'images/user/1DC996B1-BDF8-4648-915B-6A228DE4B9E6.jpeg', NULL, '0620694215', 1, 0, 0, 1, 1, 1, 0, 'La passion du jeu me guide à chaque pas de ma vie\r\nBonne chance à tous', 9, 'No', 'active', '#5bbee9'),
(6, 'Michaël', 'COURTAUX', 'MajinMikki', 'michael.courtaux@gmail.com', 'mikki777', 'images/user/E5F16065-A8E1-4E8D-8C0C-D7D3C61C5876.jpeg', NULL, '0614434816', 1, 0, 0, 1, 1, 1, 0, '', 9, 'No', 'active', '#5bbee9'),
(7, 'Olivier', 'COURTAUX', 'Angus93', 'grisbleu99@yahoo.fr', 'chtite', 'images/user/angus.jpg', NULL, '0612253231', 1, 0, 0, 1, 1, 1, 0, 'Fluctuat nec mergitur ........For those about to rock, we salute you !\r\n', 9, 'No', 'active', '#5bbee9'),
(8, 'Jean Marc', 'Jousseau', 'Le Dab', 'jmj75000@outlook.fr', 'Paris@7546', 'images/user/WP_20171125_003.jpg', NULL, '0786293653', 1, 0, 0, 1, 1, 1, 0, 'Grand beau et fort…..!!!!!', 13, 'No', 'active', '#000066'),
(9, 'Tristan', 'Jousseau', 'Polo', 'tjousseau@gmail.com', 'Peche21', 'images/user/B79F057D-62EB-483D-97D6-CC48489E1835.jpeg', NULL, '0699810013', 1, 0, 0, 1, 0, 1, 0, 'Je suis quelqu’un que j’aime beaucoup rigoler, que j’aime blaguer ', 25, 'No', 'active', '#ffec00'),
(10, 'Romain', 'Jousseau', 'Nouch', 'joussor.romain@gmail.com', 'Djouss77', 'images/user/01F5EB8F-7430-420D-8442-C3D7106D369E.jpeg', NULL, '0679057347', 1, 0, 0, 1, 1, 1, 0, 'Beau intelligent énorme bite', 25, 'No', 'active', '#ffec00'),
(11, 'Solene', 'Jousseau', 'Soso', 'Solene.teisseire@icloud.com', 'doudou94', 'images/user/41A5F2C0-8026-42AC-B409-9D28A0A383F3.jpeg', NULL, '0786793794', 1, 0, 0, 1, 1, 1, 0, '', 13, 'No', 'active', '#000066'),
(12, 'Alexandre', 'Jousseau', 'Nenest', 'alexandre.jousseau@hotmail.com', 'Aj3007!!', 'images/user/IMG_6200.JPG', NULL, '0669342488', 1, 0, 0, 1, 1, 1, 0, 'Je n\'ai pas changé il va falloir cesser de toujours demander une description. C\'est vraiment infernal tout les ans c\'est le même bordel merde !!!\r\nBisous', 13, 'No', 'active', '#000066'),
(13, 'Elodie', 'Jousseau', 'Elo', 'elodiegarandel@hotmail.fr', 'Chouchou88', 'images/user/default.jpg', NULL, '0614263071', 1, 0, 0, 1, 1, 1, 0, 'Ne ce prononce pas', 25, 'No', 'active', '#ffec00'),
(14, 'Patrick', 'Lorain', 'Vert pale', 'patrick.lesverts@gmail.com', 'LB85FR', 'images/user/téléchargement.jpg', NULL, '0641871359', 1, 0, 0, 1, 1, 1, 0, 'Aime bien flirter en fin de peloton ', 14, 'No', 'active', '#dc171d'),
(15, 'Christine', 'Jousseau', 'Alvorada', 'christine.jousseau@orange.fr', 'Tasse2cafe', 'images/user/0F1293B4-3B5C-4970-B9CB-F272B0848363.jpeg', NULL, '0644162773', 1, 0, 0, 1, 1, 1, 0, 'Je reste humble malgré ma jolie défaite', 13, 'No', 'active', '#000066'),
(16, 'Christian', 'Jousseau', 'Tatoute', 'Ch.jousseau@gmail.com', 'PG22CA', 'images/user/Photo 2.jpg', NULL, '0695546077', 1, 0, 0, 1, 1, 1, 0, 'Ici pour gagner dans le respect des participants. J’Y CROIS......', 25, 'No', 'active', '#ffec00'),
(17, 'Odile', 'Jousseau', 'Mamie loute', 'Dam-papillon@live.fr', 'poupdam62', 'images/user/71060262-A263-43A9-B02F-3BA305C915FF.jpeg', NULL, '0620694215', 1, 0, 0, 1, 1, 1, 0, 'Contente de vous retrouver  j’espère que mon mari ne va pas m’aider car il est trop fort...', 25, 'No', 'active', '#ffec00'),
(18, 'Serge', 'Couillard', 'Serge Couillard', 'fredo.bonnet77@gmail.com', 'FR85PM', 'images/user/fjISptn.jpg', NULL, '0674606120', 1, 0, 0, 1, 1, 1, 0, '', 18, 'No', 'active', '#000000'),
(19, 'Cindy', 'Bernard ', 'La C*', 'bernardcindy@live.fr', 'Wht;7Que', 'images/user/default.jpg', NULL, '0663671813', 1, 0, 0, 1, 1, 1, 0, '', 29, 'No', 'active', '#149153'),
(20, 'Tom', 'Jousseau', 'Tomilovni', 'tomjousseau@icloud.com', 'Tom17', 'images/user/image.jpg', NULL, '0788642655', 1, 0, 0, 1, 1, 1, 0, 'Je vais gagner !!!!! ', 25, 'No', 'active', '#ffec00'),
(21, 'Joan', 'Jousseau', 'Jojobean', 'joanjousseau@icloud.com', 'Joan17', 'images/user/default.jpg', NULL, '0788642655', 1, 0, 0, 1, 1, 1, 0, 'Complotiste', 25, 'No', 'active', '#ffec00'),
(22, 'Julien', 'Jousseau', 'Bonne Pioche', 'julien.jousseau@hotmail.fr', 'TR65LP', 'images/user/julien.jpeg', NULL, '0785227372', 1, 0, 0, 1, 1, 1, 0, 'Paquet béant !', 29, 'No', 'active', '#149153'),
(23, 'Raphael', 'Jousseau', 'Rapha', 'jousseauraphael@yahoo.com', 'YV89AB', 'images/user/default.jpg', NULL, '0785227372', 1, 0, 0, 1, 1, 1, 0, 'Allez Paris ! ', 29, 'No', 'active', '#149153'),
(24, 'Jorick', 'Di placido', 'UltraViolet77', 'jojo-dipla@live.fr', 'TY87AW', 'images/user/default.jpg', NULL, '0601351487', 1, 0, 0, 1, 1, 1, 0, '', 25, 'No', 'active', '#ffec00');

-- --------------------------------------------------------

--
-- Structure de la table `matches`
--

CREATE TABLE `matches` (
  `id_match` int(11) NOT NULL,
  `id_team_home` int(11) NOT NULL,
  `id_team_away` int(11) NOT NULL,
  `score_home` int(11) NOT NULL DEFAULT '0',
  `score_away` int(11) NOT NULL DEFAULT '0',
  `date` datetime NOT NULL,
  `stadium` varchar(255) NOT NULL,
  `diff` varchar(255) NOT NULL DEFAULT 'BeIn',
  `played` tinyint(1) NOT NULL DEFAULT '0',
  `modif` tinyint(1) NOT NULL DEFAULT '1',
  `groupe` varchar(5) NOT NULL,
  `dayOfstage` tinyint(1) NOT NULL DEFAULT '0',
  `montagne` tinyint(1) NOT NULL DEFAULT '0'
) ENGINE=InnoDB DEFAULT CHARSET=utf8 ROW_FORMAT=DYNAMIC;

--
-- Déchargement des données de la table `matches`
--

INSERT INTO `matches` (`id_match`, `id_team_home`, `id_team_away`, `score_home`, `score_away`, `date`, `stadium`, `diff`, `played`, `modif`, `groupe`, `dayOfstage`, `montagne`) VALUES
(1, 1, 2, 0, 2, '2022-11-20 17:00:00', 'Al Bayt Stadium', 'TF1 - BeIn1', 1, 2, 'A', 1, 0),
(2, 5, 6, 6, 2, '2022-11-21 14:00:00', 'Khalifa International Stadium', 'BeIn1', 1, 2, 'B', 1, 0),
(3, 3, 4, 0, 2, '2022-11-21 17:00:00', 'Al Thumama Stadium', 'BeIn1', 1, 2, 'A', 1, 0),
(4, 7, 8, 1, 1, '2022-11-21 20:00:00', 'Ahmad Bin Ali Stadium', 'TF1 - BeIn1', 1, 2, 'B', 1, 0),
(5, 9, 10, 1, 2, '2022-11-22 11:00:00', 'Lusail Stadium', 'BeIn1', 1, 2, 'C', 1, 0),
(6, 14, 15, 0, 0, '2022-11-22 14:00:00', 'Education City Stadium', 'BeIn1', 1, 2, 'D', 1, 0),
(7, 11, 12, 0, 0, '2022-11-22 17:00:00', 'Stadium 974', 'BeIn1', 1, 2, 'C', 1, 0),
(8, 13, 16, 4, 1, '2022-11-22 20:00:00', 'Al-Janoub Stadium', 'TF1 - BeIn1', 1, 2, 'D', 1, 0),
(9, 23, 24, 0, 0, '2022-11-23 11:00:00', 'Al Bayt Stadium', 'BeIn1', 1, 2, 'F', 1, 0),
(10, 18, 19, 1, 2, '2022-11-23 14:00:00', 'Khalifa International Stadium', 'BeIn1', 1, 2, 'E', 1, 0),
(11, 17, 20, 7, 0, '2022-11-23 17:00:00', 'Al Thumama Stadium', 'BeIn1', 1, 2, 'E', 1, 0),
(12, 21, 22, 1, 0, '2022-11-23 20:00:00', 'Ahmad Bin Ali Stadium', 'TF1 - BeIn1', 1, 2, 'F', 1, 0),
(13, 27, 28, 1, 0, '2022-11-24 11:00:00', 'Al-Janoub Stadium', 'BeIn1', 1, 2, 'G', 1, 0),
(14, 31, 32, 0, 0, '2022-11-24 14:00:00', 'Education City Stadium', 'BeIn1', 1, 2, 'H', 1, 0),
(15, 29, 30, 3, 2, '2022-11-24 17:00:00', 'Stadium 974', 'BeIn1', 1, 2, 'H', 1, 0),
(16, 25, 26, 2, 0, '2022-11-24 20:00:00', 'Lusail Stadium', 'TF1 - BeIn1', 1, 2, 'G', 1, 0),
(17, 8, 6, 0, 2, '2022-11-25 11:00:00', 'Ahmad Bin Ali Stadium', 'BeIn1', 1, 2, 'B', 2, 0),
(18, 1, 3, 1, 3, '2022-11-25 14:00:00', 'Al Thumama Stadium', 'BeIn1', 1, 2, 'A', 2, 0),
(19, 4, 2, 1, 1, '2022-11-25 17:00:00', 'Khalifa International Stadium', 'BeIn1', 1, 2, 'A', 2, 0),
(20, 5, 7, 0, 0, '2022-11-25 20:00:00', 'Al Bayt Stadium', 'TF1 - BeIn1', 1, 2, 'B', 2, 0),
(21, 15, 16, 0, 1, '2022-11-26 11:00:00', 'Al-Janoub Stadium', 'BeIn1', 1, 2, 'D', 2, 0),
(22, 12, 10, 2, 0, '2022-11-26 14:00:00', 'Education City Stadium', 'BeIn1', 1, 2, 'C', 2, 0),
(23, 13, 14, 2, 1, '2022-11-26 17:00:00', 'Stadium 974', 'TF1 - BeIn1', 1, 2, 'D', 2, 0),
(24, 9, 11, 2, 0, '2022-11-26 20:00:00', 'Lusail Stadium', 'TF1 - BeIn1', 1, 2, 'C', 2, 0),
(25, 19, 20, 0, 1, '2022-11-27 11:00:00', 'Ahmad Bin Ali Stadium', 'BeIn1', 1, 2, 'E', 2, 0),
(26, 21, 23, 0, 2, '2022-11-27 14:00:00', 'Al Thumama Stadium', 'TF1 - BeIn1', 1, 2, 'F', 2, 0),
(27, 24, 22, 4, 1, '2022-11-27 17:00:00', 'Khalifa International Stadium', 'BeIn1', 1, 2, 'F', 2, 0),
(28, 17, 18, 1, 1, '2022-11-27 20:00:00', 'Al Bayt Stadium', 'TF1 - BeIn1', 1, 2, 'E', 2, 0),
(29, 28, 26, 3, 3, '2022-11-28 11:00:00', 'Al-Janoub Stadium', 'BeIn1', 1, 2, 'G', 2, 0),
(30, 32, 30, 2, 3, '2022-11-28 14:00:00', 'Education City Stadium', 'BeIn1', 1, 2, 'H', 2, 0),
(31, 25, 27, 1, 0, '2022-11-28 17:00:00', 'Stadium 974', 'BeIn1', 1, 2, 'G', 2, 0),
(32, 29, 31, 2, 0, '2022-11-28 20:00:00', 'Lusail Stadium', 'TF1 - BeIn1', 1, 2, 'H', 2, 0),
(33, 2, 3, 1, 2, '2022-11-29 16:00:00', 'Khalifa International Stadium', 'BeIn2', 1, 2, 'A', 3, 0),
(34, 4, 1, 2, 0, '2022-11-29 16:00:00', 'Al Bayt Stadium', 'BeIn1', 1, 2, 'A', 3, 0),
(35, 6, 7, 0, 1, '2022-11-29 20:00:00', 'Al Thumama Stadium', 'BeIn2', 1, 2, 'B', 3, 0),
(36, 8, 5, 0, 3, '2022-11-29 20:00:00', 'Ahmad Bin Ali Stadium', 'TF1 - BeIn1', 1, 2, 'B', 3, 0),
(37, 16, 14, 1, 0, '2022-11-30 16:00:00', 'Al-Janoub Stadium', 'BeIn2', 1, 2, 'D', 3, 0),
(38, 15, 13, 1, 0, '2022-11-30 16:00:00', 'Education City Stadium', 'TF1 - BeIn1', 1, 2, 'D', 3, 0),
(39, 10, 11, 1, 2, '2022-11-30 20:00:00', 'Lusail Stadium', 'BeIn2', 1, 2, 'C', 3, 0),
(40, 12, 9, 0, 2, '2022-11-30 20:00:00', 'Stadium 974', 'TF1 - BeIn1', 1, 2, 'C', 3, 0),
(41, 22, 23, 1, 2, '2022-12-01 16:00:00', 'Al Thumama Stadium', 'BeIn2', 1, 2, 'F', 3, 0),
(42, 24, 21, 0, 0, '2022-12-01 16:00:00', 'Ahmad Bin Ali Stadium', 'BeIn1', 1, 2, 'F', 3, 0),
(43, 20, 18, 2, 4, '2022-12-01 20:00:00', 'Al Bayt Stadium', 'BeIn2', 1, 2, 'E', 3, 0),
(44, 19, 17, 2, 1, '2022-12-01 20:00:00', 'Khalifa International Stadium', 'TF1 - BeIn1', 1, 2, 'E', 3, 0),
(45, 30, 31, 0, 2, '2022-12-02 16:00:00', 'Al-Janoub Stadium', 'BeIn2', 1, 2, 'H', 3, 0),
(46, 32, 29, 2, 1, '2022-12-02 16:00:00', 'Education City Stadium', 'BeIn1', 1, 2, 'H', 3, 0),
(47, 26, 27, 2, 3, '2022-12-02 20:00:00', 'Stadium 974', 'BeIn2', 1, 2, 'G', 3, 0),
(48, 28, 25, 1, 0, '2022-12-02 20:00:00', 'Lusail Stadium', 'TF1 - BeIn1', 1, 2, 'G', 3, 0),
(49, 4, 7, 3, 1, '2022-12-03 16:00:00', 'Khalifa International Stadium', 'BeIn1', 1, 2, '1/8', 0, 0),
(50, 9, 16, 2, 1, '2022-12-03 20:00:00', 'Ahmad Bin Ali Stadium', 'BeIn1', 1, 2, '1/8', 0, 0),
(51, 13, 12, 3, 1, '2022-12-04 16:00:00', 'Al Thumama Stadium', 'BeIn1', 1, 2, '1/8', 0, 0),
(52, 5, 3, 3, 0, '2022-12-04 20:00:00', 'Al Bayt Stadium', 'BeIn1', 1, 2, '1/8', 0, 0),
(53, 19, 24, 1, 1, '2022-12-05 16:00:00', 'Al-Janoub Stadium', 'BeIn1', 1, 2, '1/8', 0, 0),
(54, 25, 32, 4, 1, '2022-12-05 20:00:00', 'Stadium 974', 'BeIn1', 1, 2, '1/8', 0, 0),
(55, 23, 17, 0, 0, '2022-12-06 16:00:00', 'Education City Stadium', 'BeIn1', 1, 2, '1/8', 0, 0),
(56, 29, 27, 6, 1, '2022-12-06 20:00:00', 'Lusail Stadium', 'BeIn1', 1, 2, '1/8', 0, 0),
(57, 24, 25, 1, 1, '2022-12-09 16:00:00', 'Education City Stadium', 'BeIn1', 1, 2, '1/4', 0, 0),
(58, 4, 9, 2, 2, '2022-12-09 20:00:00', 'Lusail Stadium', 'BeIn1', 1, 2, '1/4', 0, 0),
(59, 23, 29, 1, 0, '2022-12-10 16:00:00', 'Al Thumama Stadium', 'BeIn1', 1, 2, '1/4', 0, 0),
(60, 5, 13, 1, 2, '2022-12-10 20:00:00', 'Al Bayt Stadium', 'BeIn1', 1, 2, '1/4', 0, 0),
(61, 9, 24, 3, 0, '2022-12-13 20:00:00', 'Lusail Stadium', 'TF1 - BeIn1', 1, 2, '1/2', 0, 0),
(62, 13, 23, 2, 0, '2022-12-14 20:00:00', 'Al Bayt Stadium', 'TF1 - BeIn1', 1, 2, '1/2', 0, 0),
(63, 24, 23, 2, 1, '2022-12-17 16:00:00', 'Khalifa International Stadium', 'TF1 - BeIn1', 1, 2, '3eme', 0, 0),
(64, 9, 13, 3, 3, '2022-12-18 16:00:00', 'Lusail Stadium', 'TF1 - BeIn1', 1, 2, 'Final', 0, 0);

-- --------------------------------------------------------

--
-- Structure de la table `messages`
--

CREATE TABLE `messages` (
  `id` int(11) NOT NULL,
  `author_id` int(11) NOT NULL,
  `content` text COLLATE utf8mb4_unicode_ci,
  `created_at` datetime DEFAULT NULL
) ENGINE=InnoDB DEFAULT CHARSET=utf8mb4 COLLATE=utf8mb4_unicode_ci ROW_FORMAT=DYNAMIC;

--
-- Déchargement des données de la table `messages`
--

INSERT INTO `messages` (`id`, `author_id`, `content`, `created_at`) VALUES
(1, 1, 'Bonjour à tous', '2022-10-17 23:14:52'),
(2, 1, 'La Odette cup 2022 est désormais ouverte !!!!! 🎇🎇🎇🎇🎇', '2022-10-17 23:15:21'),
(3, 3, 'Bonsoir , il me semble que c’est un événement attendu ', '2022-10-17 23:44:00'),
(4, 5, 'Un immense remerciement pour mon Fils pour son travail avec pation', '2022-10-18 17:06:11'),
(5, 5, 'Passion', '2022-10-18 17:06:26'),
(6, 5, 'désolé j;ai buggé', '2022-10-18 17:06:49'),
(7, 5, 'ça roupille grave', '2022-10-19 18:22:50'),
(8, 7, 'Sacré coïncidence : Ce sont DEJA les futurs vainqueurs qui sont inscrits les premiers !!....Bonne chance quand même à toutes et tous !', '2022-10-21 12:36:43'),
(9, 1, 'Je vais commencer a envoyer des messages pour les inscriptions de tous ! Pensez à en parler aussi autour de vous. 😘', '2022-10-22 11:21:44'),
(10, 1, 'Quel magnifique photo le dab !! ', '2022-10-23 10:20:03'),
(11, 7, 'Cette photo mériterait presque un Bonus !!', '2022-10-24 17:37:17'),
(12, 8, 'Salut à tous et d’avance un super tournoi à tout le monde. ', '2022-10-30 15:05:58'),
(13, 1, 'Nous sommes désormais 16. Mais j\'attends encore un peu de monde !! Alors faites tourner le message autour de vous !! La ODETTE CUP est ouverte !', '2022-10-31 12:53:11'),
(14, 18, 'Bonjour à tous, merci de m\'accueillir dans votre jeu.Bonne chance à chacun.', '2022-11-01 12:07:54'),
(15, 7, 'Salut cher monsieur Couillard !!! Bienvenue parmi nous et bonne chance aussi à toi ! 😉', '2022-11-01 15:29:06'),
(16, 1, 'Bienvenue à la C*, Jojobean, et Tomilovni !!', '2022-11-03 23:54:30'),
(17, 5, 'bonsoir a tous plus que 15 jours avant le coup d\'envoi bienvenue a Monsieur Couillard  ', '2022-11-05 21:04:16'),
(18, 22, 'Bonjour à tous ! Merc iflo pour tontravail - Merci à la participatio du 44 ! Toujours là et jamais de victoire  Et Bravo Bernard pour ta victoire finale ! ', '2022-11-12 14:13:53'),
(19, 7, 'La victoire de Bernard est déjà acquise mais on va se battre pour le podium ! Bonne chance à tout le monde !.', '2022-11-12 15:38:52'),
(20, 8, 'cette année grosse surprise................', '2022-11-13 16:43:16'),
(21, 8, 'Ma BA est faite soit : pronos + paiement je vous souhaite à tous un super tournois et le meilleur perde......', '2022-11-13 17:24:59'),
(22, 1, 'Attention derniere semaine pour faire ses pronostics !!!', '2022-11-14 01:33:14'),
(23, 15, 'Coucou m’y revoilou! bonne chance à tous.', '2022-11-14 09:16:48'),
(24, 15, 'Merci à Chouchou pour son investissement à chaque grande compétition 👍.', '2022-11-14 09:18:23'),
(25, 14, 'j\'espère que vous allez tous gagner , mais ...à un autre jeu', '2022-11-14 14:27:11'),
(26, 4, 'Salut à tous ! Enfin l’odette cup ! Félicitations à papi a moi pour ta victoire, et encore bravo à la flouf pour ce site de malade !', '2022-11-14 22:05:32'),
(27, 7, 'Papi a moi, Boubou0606 et Titish, le podium est déjà connu mais on va essayer de résister le plus longtemps possible !...', '2022-11-15 15:00:18'),
(28, 7, 'Une pensée pour Vert Pâle qui doit vivre de durs moments......Force et courage, çà ira mieux après la trêve !', '2022-11-15 16:06:42'),
(29, 1, 'Un plaisir pour moi de vous servir. La Odette Cup c\'est une institution !!', '2022-11-15 18:15:13'),
(30, 1, 'Et vous avez pas encore tout vu, ce week end les équipes favorites seront dévoilées !! Et les couleurs de chaque joueur vont changer avec votre drapeau associé. Alors surtout ne vous tromper pas d\'équipe vainqueur elle peut rapporter gros.', '2022-11-15 18:17:19'),
(31, 4, 'ça veut dire que je serai aux couleurs de l\'Iran ? mon rêve !', '2022-11-15 20:21:08'),
(32, 14, 'et oui titish mais tu te voiles la face', '2022-11-16 17:32:04'),
(33, 14, 'merci angus mais le national c\'est un joli nom!!!', '2022-11-16 17:47:05'),
(34, 5, 'Et voilà c’est fait pour Papi à moi', '2022-11-16 19:30:19'),
(35, 5, 'Ça roupille grave 😩', '2022-11-16 19:31:03'),
(36, 5, 'Dites j’ai relu vos message ', '2022-11-16 19:32:53'),
(37, 5, 'Possible d’enlever des points aux jeteur d’œil !!!', '2022-11-16 19:33:47'),
(38, 5, 'Ont a dit pas cette année…, merde', '2022-11-16 19:34:11'),
(39, 4, 'C’est quoi un œil ? Bravo pour ta clairvoyance plutôt toi le vainqueur final !', '2022-11-18 12:50:04'),
(40, 4, 'Mais c’est pas toi mon poulain..ce serait trop facile de prendre le vainqueur ! ', '2022-11-18 12:51:06'),
(41, 1, 'La cloture des pronotics approche... J\'ai hate de vous ouvrir tout ça !', '2022-11-18 14:13:42'),
(42, 1, 'Vous aller profiter des dernière nouveautés !! ', '2022-11-18 14:15:46'),
(43, 3, 'Bon l’ouverture des Pronos à 00h00 c’est à quelle heure ?', '2022-11-18 23:17:00'),
(44, 1, 'Nous y voilà, les votes sont clos 😂', '2022-11-18 23:52:48'),
(45, 1, 'Tous les pronostics sont visibles au yeux de tous !', '2022-11-18 23:53:17'),
(46, 1, 'Il y a même une page qui résume tous les bonus ! 🎆🎆', '2022-11-18 23:54:19'),
(47, 4, 'Le couperet est tombé ! Stratégie du 44 j’ai cru voir de se mettre soi-même 🙄 moi je compte sur toi mon poulain !!!', '2022-11-19 11:27:32'),
(48, 1, 'Peut etre que le bonus n\'a pas plus pour qu\'ils soit utilisé de cette manière. L\'idée d\'avoir un poulain me plait bien aussi !! ', '2022-11-19 14:53:38'),
(49, 10, 'Salut bande de salope !!!!J-1 que le meilleur gagne bonne chance', '2022-11-19 18:17:03'),
(50, 8, 'salut à tous je vois qu\'il n\'y a pas beaucoup de patriotes idem pour les vainqueur du jeu ça joue grave la tune bande de chiens...... aller encore une fois que le meilleur perde...  ', '2022-11-20 10:48:19'),
(51, 12, 'Benzema va tout déchirer cette année !!!', '2022-11-20 10:56:04'),
(52, 7, 'Salut à toutes et à tous ! c\'est le grand jour ! Bonne chance à tout le monde, du suspens, du stress, des remontées fantastiques, voila tout ce que je vous souhaite !!! ', '2022-11-20 11:07:46'),
(53, 9, 'Bien le bonjour ! J’espère que la roue tourne va tourner ! ', '2022-11-20 12:38:03'),
(54, 1, 'Bonne chance à tous pour ce premier match ! N\'oubliez pas que vous pouvez voir tous les pronotics d\'un seul match en cliquant sur \"Prochains matches\" ou \"Derniers matches\" vous arrivez alors sur la page du calendriers et alors chaque match a un \"détails\" qui vous donneras tous les pronotics du match !!', '2022-11-20 16:46:32'),
(55, 5, 'Et voilà le travail est fini …pour la 1 ère partie', '2022-11-20 16:47:18'),
(56, 5, 'Je souhaite une très belle coupe du monde à tout notre 44 que j’aime tant', '2022-11-20 16:52:27'),
(57, 5, 'Pour le chèque boubou ont le mets toujours à ton nom ', '2022-11-20 16:53:16'),
(58, 18, 'coucou à tous, pour le 44 ils peuvent recruter en région parisienne s\'ils veulent vraiment gagner .😂', '2022-11-20 16:57:12'),
(59, 3, 'Bien joué Alvorada… la VAR aura deja decidé d’attribuer ce bonus au futur vainqueur ?', '2022-11-20 17:31:29'),
(60, 1, 'Encore des petites nouveauté sur le site !! 4 nouveaux widgets sur la page d\'acceuil', '2022-11-21 15:50:31'),
(61, 7, 'Magnifique Flo !!! Ce site va devenir une référence !!', '2022-11-21 15:59:23'),
(62, 20, 'Coucou ', '2022-12-03 08:48:49'),
(63, 1, 'Salut Tom :) Belle compet !!', '2022-12-07 09:34:48');

-- --------------------------------------------------------

--
-- Structure de la table `pronostics`
--

CREATE TABLE `pronostics` (
  `id_pronostic` int(11) NOT NULL,
  `id_membre` int(11) NOT NULL,
  `id_match` int(11) NOT NULL,
  `prono_home` int(11) NOT NULL,
  `prono_away` int(11) NOT NULL,
  `point` int(11) NOT NULL DEFAULT '0'
) ENGINE=InnoDB DEFAULT CHARSET=utf8 ROW_FORMAT=DYNAMIC;

--
-- Déchargement des données de la table `pronostics`
--

INSERT INTO `pronostics` (`id_pronostic`, `id_membre`, `id_match`, `prono_home`, `prono_away`, `point`) VALUES
(145, 11, 1, 0, 0, 0),
(146, 11, 2, 3, 0, 3),
(147, 11, 3, 1, 3, 3),
(148, 11, 4, 0, 2, 0),
(149, 11, 5, 2, 0, 0),
(150, 11, 6, 1, 0, 0),
(151, 11, 7, 1, 4, 0),
(152, 11, 8, 2, 1, 3),
(153, 11, 9, 3, 2, 0),
(154, 11, 10, 2, 0, 0),
(155, 11, 11, 1, 1, 0),
(156, 11, 12, 3, 1, 3),
(157, 11, 13, 2, 1, 3),
(158, 11, 14, 2, 1, 0),
(159, 11, 15, 2, 0, 3),
(160, 11, 16, 3, 1, 3),
(161, 11, 17, 1, 0, 0),
(162, 11, 18, 0, 1, 3),
(163, 11, 19, 2, 0, 0),
(164, 11, 20, 2, 1, 0),
(165, 11, 21, 1, 1, 0),
(166, 11, 22, 2, 0, 7),
(167, 11, 23, 2, 2, 0),
(168, 11, 24, 1, 0, 3),
(169, 11, 25, 2, 1, 0),
(170, 11, 26, 1, 0, 0),
(171, 11, 27, 2, 1, 3),
(172, 11, 28, 2, 1, 0),
(173, 11, 29, 1, 1, 3),
(174, 11, 30, 2, 1, 0),
(175, 11, 31, 1, 1, 0),
(176, 11, 32, 0, 0, 0),
(177, 11, 33, 1, 0, 0),
(178, 11, 34, 2, 0, 7),
(179, 11, 35, 0, 1, 7),
(180, 11, 36, 2, 1, 0),
(181, 11, 37, 1, 0, 7),
(182, 11, 38, 1, 3, 0),
(183, 11, 39, 0, 0, 0),
(184, 11, 40, 1, 4, 3),
(185, 11, 41, 1, 0, 0),
(186, 11, 42, 2, 1, 0),
(187, 11, 43, 0, 2, 3),
(188, 11, 44, 0, 1, 0),
(189, 11, 45, 1, 2, 3),
(190, 11, 46, 1, 2, 1),
(191, 11, 47, 1, 2, 3),
(192, 11, 48, 0, 1, 1),
(385, 13, 1, 0, 1, 3),
(386, 13, 2, 2, 0, 3),
(387, 13, 3, 1, 2, 3),
(388, 13, 4, 1, 1, 7),
(389, 13, 5, 4, 0, 0),
(390, 13, 6, 2, 1, 0),
(391, 13, 7, 1, 3, 0),
(392, 13, 8, 3, 0, 3),
(393, 13, 9, 2, 1, 0),
(394, 13, 10, 2, 0, 0),
(395, 13, 11, 3, 0, 3),
(396, 13, 12, 3, 1, 3),
(397, 13, 13, 1, 1, 0),
(398, 13, 14, 1, 0, 0),
(399, 13, 15, 2, 0, 3),
(400, 13, 16, 3, 0, 3),
(401, 13, 17, 2, 1, 0),
(402, 13, 18, 1, 2, 3),
(403, 13, 19, 3, 0, 0),
(404, 13, 20, 3, 1, 0),
(405, 13, 21, 1, 1, 0),
(406, 13, 22, 3, 0, 3),
(407, 13, 23, 2, 2, 0),
(408, 13, 24, 3, 1, 3),
(409, 13, 25, 0, 1, 7),
(410, 13, 26, 3, 2, 0),
(411, 13, 27, 1, 1, 0),
(412, 13, 28, 2, 2, 3),
(413, 13, 29, 2, 1, 0),
(414, 13, 30, 0, 0, 0),
(415, 13, 31, 4, 1, 3),
(416, 13, 32, 1, 1, 0),
(417, 13, 33, 0, 2, 3),
(418, 13, 34, 4, 1, 3),
(419, 13, 35, 0, 2, 3),
(420, 13, 36, 1, 2, 3),
(421, 13, 37, 0, 2, 0),
(422, 13, 38, 1, 3, 0),
(423, 13, 39, 0, 1, 3),
(424, 13, 40, 3, 3, 0),
(425, 13, 41, 0, 2, 3),
(426, 13, 42, 0, 2, 0),
(427, 13, 43, 0, 2, 3),
(428, 13, 44, 0, 2, 0),
(429, 13, 45, 0, 3, 3),
(430, 13, 46, 0, 2, 0),
(431, 13, 47, 0, 2, 3),
(432, 13, 48, 1, 3, 0),
(433, 12, 1, 0, 2, 7),
(434, 12, 2, 3, 0, 3),
(435, 12, 3, 1, 3, 3),
(436, 12, 4, 1, 1, 7),
(437, 12, 5, 5, 0, 0),
(438, 12, 6, 2, 1, 0),
(439, 12, 7, 2, 2, 3),
(440, 12, 8, 3, 0, 3),
(441, 12, 9, 2, 1, 0),
(442, 12, 10, 3, 1, 0),
(443, 12, 11, 3, 0, 3),
(444, 12, 12, 4, 0, 3),
(445, 12, 13, 1, 2, 0),
(446, 12, 14, 2, 1, 0),
(447, 12, 15, 2, 1, 3),
(448, 12, 16, 4, 0, 3),
(449, 12, 17, 2, 1, 0),
(450, 12, 18, 0, 2, 3),
(451, 12, 19, 4, 0, 0),
(452, 12, 20, 3, 1, 0),
(453, 12, 21, 1, 1, 0),
(454, 12, 22, 3, 0, 3),
(455, 12, 23, 2, 0, 3),
(456, 12, 24, 3, 1, 3),
(457, 12, 25, 2, 1, 0),
(458, 12, 26, 3, 1, 0),
(459, 12, 27, 2, 1, 3),
(460, 12, 28, 1, 2, 0),
(461, 12, 29, 1, 1, 3),
(462, 12, 30, 1, 2, 3),
(463, 12, 31, 4, 0, 3),
(464, 12, 32, 2, 1, 3),
(465, 12, 33, 1, 2, 7),
(466, 12, 34, 5, 0, 3),
(467, 12, 35, 1, 2, 3),
(468, 12, 36, 1, 2, 3),
(469, 12, 37, 1, 2, 0),
(470, 12, 38, 0, 3, 0),
(471, 12, 39, 0, 2, 3),
(472, 12, 40, 1, 3, 3),
(473, 12, 41, 1, 2, 7),
(474, 12, 42, 1, 3, 0),
(475, 12, 43, 0, 3, 3),
(476, 12, 44, 0, 2, 0),
(477, 12, 45, 1, 2, 3),
(478, 12, 46, 0, 3, 0),
(479, 12, 47, 1, 1, 0),
(480, 12, 48, 0, 3, 0),
(481, 18, 1, 0, 2, 7),
(482, 18, 2, 2, 0, 3),
(483, 18, 3, 2, 1, 0),
(484, 18, 4, 2, 1, 0),
(485, 18, 5, 3, 1, 0),
(486, 18, 6, 2, 0, 0),
(487, 18, 7, 1, 1, 3),
(488, 18, 8, 3, 1, 3),
(489, 18, 9, 1, 1, 3),
(490, 18, 10, 2, 0, 0),
(491, 18, 11, 3, 1, 3),
(492, 18, 12, 2, 0, 3),
(493, 18, 13, 2, 2, 0),
(494, 18, 14, 1, 1, 3),
(495, 18, 15, 2, 0, 3),
(496, 18, 16, 2, 1, 3),
(497, 18, 17, 2, 2, 0),
(498, 18, 18, 1, 3, 7),
(499, 18, 19, 2, 2, 3),
(500, 18, 20, 1, 1, 3),
(501, 18, 21, 1, 1, 0),
(502, 18, 22, 2, 2, 0),
(503, 18, 23, 1, 1, 0),
(504, 18, 24, 1, 2, 0),
(505, 18, 25, 1, 1, 0),
(506, 18, 26, 2, 1, 0),
(507, 18, 27, 1, 1, 0),
(508, 18, 28, 1, 2, 0),
(509, 18, 29, 1, 1, 3),
(510, 18, 30, 1, 2, 3),
(511, 18, 31, 1, 2, 0),
(512, 18, 32, 1, 1, 0),
(513, 18, 33, 1, 3, 3),
(514, 18, 34, 2, 0, 7),
(515, 18, 35, 1, 3, 3),
(516, 18, 36, 0, 3, 7),
(517, 18, 37, 2, 2, 0),
(518, 18, 38, 1, 3, 0),
(519, 18, 39, 1, 1, 0),
(520, 18, 40, 1, 3, 3),
(521, 18, 41, 1, 2, 7),
(522, 18, 42, 0, 2, 0),
(523, 18, 43, 1, 1, 0),
(524, 18, 44, 0, 2, 0),
(525, 18, 45, 2, 2, 0),
(526, 18, 46, 0, 2, 0),
(527, 18, 47, 1, 1, 0),
(528, 18, 48, 1, 2, 0),
(529, 16, 1, 2, 0, 1),
(530, 16, 2, 3, 2, 3),
(531, 16, 3, 0, 2, 7),
(532, 16, 4, 2, 1, 0),
(533, 16, 5, 3, 0, 0),
(534, 16, 6, 3, 0, 0),
(535, 16, 7, 1, 2, 0),
(536, 16, 8, 2, 0, 3),
(537, 16, 9, 1, 3, 0),
(538, 16, 10, 4, 1, 0),
(539, 16, 11, 3, 1, 3),
(540, 16, 12, 2, 0, 3),
(541, 16, 13, 2, 1, 3),
(542, 16, 14, 2, 0, 0),
(543, 16, 15, 3, 0, 3),
(544, 16, 16, 3, 0, 3),
(545, 16, 17, 3, 0, 0),
(546, 16, 18, 1, 2, 3),
(547, 16, 19, 3, 0, 0),
(548, 16, 20, 2, 0, 0),
(549, 16, 21, 2, 1, 0),
(550, 16, 22, 3, 0, 3),
(551, 16, 23, 3, 1, 3),
(552, 16, 24, 3, 1, 3),
(553, 16, 25, 0, 2, 3),
(554, 16, 26, 3, 0, 0),
(555, 16, 27, 2, 0, 3),
(556, 16, 28, 2, 3, 0),
(557, 16, 29, 1, 1, 3),
(558, 16, 30, 0, 1, 3),
(559, 16, 31, 2, 0, 3),
(560, 16, 32, 2, 0, 7),
(561, 16, 33, 1, 3, 3),
(562, 16, 34, 1, 0, 3),
(563, 16, 35, 1, 2, 3),
(564, 16, 36, 0, 1, 3),
(565, 16, 37, 1, 2, 0),
(566, 16, 38, 0, 3, 0),
(567, 16, 39, 0, 2, 3),
(568, 16, 40, 2, 2, 0),
(569, 16, 41, 1, 2, 7),
(570, 16, 42, 1, 1, 3),
(571, 16, 43, 0, 3, 3),
(572, 16, 44, 0, 2, 0),
(573, 16, 45, 0, 2, 7),
(574, 16, 46, 0, 2, 0),
(575, 16, 47, 1, 2, 3),
(576, 16, 48, 0, 3, 0),
(625, 8, 1, 2, 1, 0),
(626, 8, 2, 3, 0, 3),
(627, 8, 3, 2, 2, 0),
(628, 8, 4, 1, 2, 0),
(629, 8, 5, 3, 0, 0),
(630, 8, 6, 2, 1, 0),
(631, 8, 7, 1, 2, 0),
(632, 8, 8, 2, 0, 3),
(633, 8, 9, 1, 2, 0),
(634, 8, 10, 3, 0, 0),
(635, 8, 11, 2, 0, 3),
(636, 8, 12, 3, 1, 3),
(637, 8, 13, 1, 2, 0),
(638, 8, 14, 2, 0, 0),
(639, 8, 15, 3, 0, 3),
(640, 8, 16, 3, 0, 3),
(641, 8, 17, 2, 0, 1),
(642, 8, 18, 1, 3, 7),
(643, 8, 19, 2, 0, 0),
(644, 8, 20, 2, 1, 0),
(645, 8, 21, 2, 1, 0),
(646, 8, 22, 2, 0, 7),
(647, 8, 23, 2, 1, 7),
(648, 8, 24, 3, 1, 3),
(649, 8, 25, 2, 1, 0),
(650, 8, 26, 2, 1, 0),
(651, 8, 27, 3, 0, 3),
(652, 8, 28, 2, 2, 3),
(653, 8, 29, 2, 1, 0),
(654, 8, 30, 2, 2, 0),
(655, 8, 31, 3, 1, 3),
(656, 8, 32, 3, 1, 3),
(657, 8, 33, 0, 3, 3),
(658, 8, 34, 2, 1, 3),
(659, 8, 35, 1, 2, 3),
(660, 8, 36, 1, 2, 3),
(661, 8, 37, 0, 2, 0),
(662, 8, 38, 1, 3, 0),
(663, 8, 39, 1, 2, 7),
(664, 8, 40, 1, 3, 3),
(665, 8, 41, 1, 2, 7),
(666, 8, 42, 2, 2, 3),
(667, 8, 43, 1, 3, 3),
(668, 8, 44, 1, 2, 1),
(669, 8, 45, 1, 2, 3),
(670, 8, 46, 1, 3, 0),
(671, 8, 47, 1, 1, 0),
(672, 8, 48, 1, 3, 0),
(673, 7, 1, 1, 1, 0),
(674, 7, 2, 2, 0, 3),
(675, 7, 3, 1, 2, 3),
(676, 7, 4, 1, 2, 0),
(677, 7, 5, 3, 0, 0),
(678, 7, 6, 2, 1, 0),
(679, 7, 7, 2, 1, 0),
(680, 7, 8, 2, 0, 3),
(681, 7, 9, 1, 1, 3),
(682, 7, 10, 2, 0, 0),
(683, 7, 11, 2, 0, 3),
(684, 7, 12, 2, 0, 3),
(685, 7, 13, 1, 0, 7),
(686, 7, 14, 1, 0, 0),
(687, 7, 15, 2, 0, 3),
(688, 7, 16, 3, 0, 3),
(689, 7, 17, 1, 0, 0),
(690, 7, 18, 0, 1, 3),
(691, 7, 19, 2, 0, 0),
(692, 7, 20, 3, 1, 0),
(693, 7, 21, 1, 0, 1),
(694, 7, 22, 1, 0, 3),
(695, 7, 23, 2, 2, 0),
(696, 7, 24, 2, 1, 3),
(697, 7, 25, 2, 1, 0),
(698, 7, 26, 2, 1, 0),
(699, 7, 27, 2, 1, 3),
(700, 7, 28, 2, 1, 0),
(701, 7, 29, 2, 1, 0),
(702, 7, 30, 2, 1, 0),
(703, 7, 31, 3, 1, 3),
(704, 7, 32, 3, 1, 3),
(705, 7, 33, 1, 2, 7),
(706, 7, 34, 3, 0, 3),
(707, 7, 35, 0, 1, 7),
(708, 7, 36, 1, 2, 3),
(709, 7, 37, 1, 3, 0),
(710, 7, 38, 1, 3, 0),
(711, 7, 39, 0, 2, 3),
(712, 7, 40, 1, 2, 3),
(713, 7, 41, 1, 2, 7),
(714, 7, 42, 1, 1, 3),
(715, 7, 43, 1, 3, 3),
(716, 7, 44, 0, 3, 0),
(717, 7, 45, 1, 2, 3),
(718, 7, 46, 0, 2, 0),
(719, 7, 47, 1, 2, 3),
(720, 7, 48, 1, 3, 0),
(769, 6, 1, 0, 2, 7),
(770, 6, 2, 2, 0, 3),
(771, 6, 3, 1, 2, 3),
(772, 6, 4, 1, 1, 7),
(773, 6, 5, 3, 0, 0),
(774, 6, 6, 0, 0, 7),
(775, 6, 7, 1, 3, 0),
(776, 6, 8, 1, 0, 3),
(777, 6, 9, 1, 2, 0),
(778, 6, 10, 4, 1, 0),
(779, 6, 11, 2, 0, 3),
(780, 6, 12, 3, 1, 3),
(781, 6, 13, 2, 0, 3),
(782, 6, 14, 2, 0, 0),
(783, 6, 15, 2, 0, 3),
(784, 6, 16, 4, 2, 3),
(785, 6, 17, 2, 0, 1),
(786, 6, 18, 1, 2, 3),
(787, 6, 19, 2, 0, 0),
(788, 6, 20, 2, 0, 0),
(789, 6, 21, 2, 0, 0),
(790, 6, 22, 3, 0, 3),
(791, 6, 23, 2, 1, 7),
(792, 6, 24, 2, 0, 7),
(793, 6, 25, 1, 0, 1),
(794, 6, 26, 3, 0, 0),
(795, 6, 27, 1, 0, 3),
(796, 6, 28, 2, 2, 3),
(797, 6, 29, 0, 0, 3),
(798, 6, 30, 2, 1, 0),
(799, 6, 31, 2, 0, 3),
(800, 6, 32, 2, 1, 3),
(801, 6, 33, 1, 1, 0),
(802, 6, 34, 3, 0, 3),
(803, 6, 35, 1, 2, 3),
(804, 6, 36, 1, 2, 3),
(805, 6, 37, 1, 2, 0),
(806, 6, 38, 0, 3, 0),
(807, 6, 39, 1, 1, 0),
(808, 6, 40, 1, 2, 3),
(809, 6, 41, 2, 2, 0),
(810, 6, 42, 1, 1, 3),
(811, 6, 43, 1, 3, 3),
(812, 6, 44, 1, 3, 0),
(813, 6, 45, 0, 2, 7),
(814, 6, 46, 1, 3, 0),
(815, 6, 47, 1, 2, 3),
(816, 6, 48, 1, 3, 0),
(817, 14, 1, 1, 1, 0),
(818, 14, 2, 3, 1, 3),
(819, 14, 3, 2, 1, 0),
(820, 14, 4, 1, 2, 0),
(821, 14, 5, 1, 0, 0),
(822, 14, 6, 3, 1, 0),
(823, 14, 7, 1, 1, 3),
(824, 14, 8, 2, 1, 3),
(825, 14, 9, 0, 2, 0),
(826, 14, 10, 4, 1, 0),
(827, 14, 11, 2, 0, 3),
(828, 14, 12, 2, 1, 3),
(829, 14, 13, 1, 1, 0),
(830, 14, 14, 0, 1, 0),
(831, 14, 15, 2, 0, 3),
(832, 14, 16, 2, 1, 3),
(833, 14, 17, 2, 1, 0),
(834, 14, 18, 1, 3, 7),
(835, 14, 19, 2, 0, 0),
(836, 14, 20, 1, 1, 3),
(837, 14, 21, 2, 2, 0),
(838, 14, 22, 2, 0, 7),
(839, 14, 23, 2, 1, 7),
(840, 14, 24, 2, 1, 3),
(841, 14, 25, 1, 0, 1),
(842, 14, 26, 1, 1, 0),
(843, 14, 27, 2, 0, 3),
(844, 14, 28, 2, 2, 3),
(845, 14, 29, 1, 2, 0),
(846, 14, 30, 1, 1, 0),
(847, 14, 31, 1, 1, 0),
(848, 14, 32, 3, 1, 3),
(849, 14, 33, 1, 1, 0),
(850, 14, 34, 2, 0, 7),
(851, 14, 35, 1, 0, 1),
(852, 14, 36, 2, 3, 3),
(853, 14, 37, 0, 2, 0),
(854, 14, 38, 1, 3, 0),
(855, 14, 39, 1, 1, 0),
(856, 14, 40, 1, 2, 3),
(857, 14, 41, 1, 3, 3),
(858, 14, 42, 2, 0, 0),
(859, 14, 43, 1, 3, 3),
(860, 14, 44, 1, 1, 0),
(861, 14, 45, 0, 1, 3),
(862, 14, 46, 1, 2, 1),
(863, 14, 47, 2, 2, 0),
(864, 14, 48, 1, 2, 0),
(913, 17, 1, 1, 0, 0),
(914, 17, 2, 2, 0, 3),
(915, 17, 3, 1, 2, 3),
(916, 17, 4, 1, 1, 7),
(917, 17, 5, 3, 0, 0),
(918, 17, 6, 1, 0, 0),
(919, 17, 7, 1, 1, 3),
(920, 17, 8, 2, 0, 3),
(921, 17, 9, 1, 2, 0),
(922, 17, 10, 3, 0, 0),
(923, 17, 11, 1, 0, 3),
(924, 17, 12, 2, 0, 3),
(925, 17, 13, 1, 1, 0),
(926, 17, 14, 2, 0, 0),
(927, 17, 15, 2, 0, 3),
(928, 17, 16, 3, 0, 3),
(929, 17, 17, 2, 0, 1),
(930, 17, 18, 1, 1, 0),
(931, 17, 19, 2, 1, 0),
(932, 17, 20, 3, 1, 0),
(933, 17, 21, 1, 1, 0),
(934, 17, 22, 2, 0, 7),
(935, 17, 23, 2, 1, 7),
(936, 17, 24, 2, 1, 3),
(937, 17, 25, 1, 2, 3),
(938, 17, 26, 2, 1, 0),
(939, 17, 27, 1, 1, 0),
(940, 17, 28, 2, 1, 0),
(941, 17, 29, 1, 1, 3),
(942, 17, 30, 1, 1, 0),
(943, 17, 31, 2, 0, 3),
(944, 17, 32, 1, 1, 0),
(945, 17, 33, 1, 1, 0),
(946, 17, 34, 2, 1, 3),
(947, 17, 35, 1, 2, 3),
(948, 17, 36, 1, 2, 3),
(949, 17, 37, 0, 2, 0),
(950, 17, 38, 1, 2, 0),
(951, 17, 39, 0, 2, 3),
(952, 17, 40, 1, 2, 3),
(953, 17, 41, 2, 1, 1),
(954, 17, 42, 1, 2, 0),
(955, 17, 43, 0, 2, 3),
(956, 17, 44, 0, 2, 0),
(957, 17, 45, 0, 2, 7),
(958, 17, 46, 1, 1, 0),
(959, 17, 47, 1, 1, 0),
(960, 17, 48, 0, 2, 0),
(1009, 15, 1, 1, 0, 0),
(1010, 15, 2, 3, 0, 3),
(1011, 15, 3, 1, 2, 3),
(1012, 15, 4, 1, 2, 0),
(1013, 15, 5, 2, 1, 1),
(1014, 15, 6, 1, 2, 0),
(1015, 15, 7, 1, 2, 0),
(1016, 15, 8, 3, 0, 3),
(1017, 15, 9, 1, 1, 3),
(1018, 15, 10, 2, 1, 1),
(1019, 15, 11, 3, 0, 3),
(1020, 15, 12, 2, 1, 3),
(1021, 15, 13, 1, 2, 0),
(1022, 15, 14, 1, 2, 0),
(1023, 15, 15, 2, 1, 3),
(1024, 15, 16, 4, 1, 3),
(1025, 15, 17, 2, 0, 1),
(1026, 15, 18, 1, 1, 0),
(1027, 15, 19, 2, 1, 0),
(1028, 15, 20, 3, 0, 0),
(1029, 15, 21, 2, 0, 0),
(1030, 15, 22, 1, 1, 0),
(1031, 15, 23, 3, 1, 3),
(1032, 15, 24, 3, 0, 3),
(1033, 15, 25, 1, 1, 0),
(1034, 15, 26, 2, 1, 0),
(1035, 15, 27, 1, 0, 3),
(1036, 15, 28, 2, 2, 3),
(1037, 15, 29, 2, 0, 0),
(1038, 15, 30, 1, 0, 0),
(1039, 15, 31, 3, 1, 3),
(1040, 15, 32, 2, 2, 0),
(1041, 15, 33, 2, 1, 1),
(1042, 15, 34, 2, 1, 3),
(1043, 15, 35, 1, 1, 0),
(1044, 15, 36, 1, 3, 3),
(1045, 15, 37, 1, 2, 0),
(1046, 15, 38, 1, 2, 0),
(1047, 15, 39, 0, 0, 0),
(1048, 15, 40, 0, 2, 7),
(1049, 15, 41, 0, 2, 3),
(1050, 15, 42, 1, 2, 0),
(1051, 15, 43, 0, 2, 3),
(1052, 15, 44, 1, 2, 1),
(1053, 15, 45, 1, 1, 0),
(1054, 15, 46, 1, 2, 1),
(1055, 15, 47, 1, 1, 0),
(1056, 15, 48, 1, 2, 0),
(1489, 9, 1, 2, 1, 0),
(1490, 9, 2, 4, 0, 3),
(1491, 9, 3, 1, 3, 3),
(1492, 9, 4, 2, 1, 0),
(1493, 9, 5, 4, 1, 0),
(1494, 9, 6, 2, 1, 0),
(1495, 9, 7, 1, 2, 0),
(1496, 9, 8, 2, 0, 3),
(1497, 9, 9, 2, 1, 0),
(1498, 9, 10, 4, 1, 0),
(1499, 9, 11, 2, 0, 3),
(1500, 9, 12, 3, 1, 3),
(1501, 9, 13, 2, 1, 3),
(1502, 9, 14, 2, 0, 0),
(1503, 9, 15, 2, 0, 3),
(1504, 9, 16, 3, 1, 3),
(1505, 9, 17, 3, 1, 0),
(1506, 9, 18, 1, 2, 3),
(1507, 9, 19, 3, 1, 0),
(1508, 9, 20, 2, 2, 3),
(1509, 9, 21, 1, 1, 0),
(1510, 9, 22, 3, 1, 3),
(1511, 9, 23, 2, 1, 7),
(1512, 9, 24, 3, 1, 3),
(1513, 9, 25, 2, 1, 0),
(1514, 9, 26, 2, 2, 0),
(1515, 9, 27, 1, 1, 0),
(1516, 9, 28, 2, 1, 0),
(1517, 9, 29, 0, 2, 0),
(1518, 9, 30, 1, 2, 3),
(1519, 9, 31, 2, 1, 3),
(1520, 9, 32, 1, 1, 0),
(1521, 9, 33, 1, 2, 7),
(1522, 9, 34, 2, 2, 0),
(1523, 9, 35, 1, 3, 3),
(1524, 9, 36, 2, 3, 3),
(1525, 9, 37, 1, 2, 0),
(1526, 9, 38, 1, 3, 0),
(1527, 9, 39, 1, 3, 3),
(1528, 9, 40, 2, 4, 3),
(1529, 9, 41, 0, 1, 3),
(1530, 9, 42, 1, 2, 0),
(1531, 9, 43, 1, 2, 3),
(1532, 9, 44, 0, 2, 0),
(1533, 9, 45, 0, 1, 3),
(1534, 9, 46, 0, 3, 0),
(1535, 9, 47, 1, 1, 0),
(1536, 9, 48, 0, 4, 0),
(1729, 10, 1, 1, 2, 3),
(1730, 10, 2, 3, 0, 3),
(1731, 10, 3, 1, 3, 3),
(1732, 10, 4, 2, 2, 3),
(1733, 10, 5, 3, 0, 0),
(1734, 10, 6, 2, 1, 0),
(1735, 10, 7, 1, 1, 3),
(1736, 10, 8, 3, 0, 3),
(1737, 10, 9, 1, 2, 0),
(1738, 10, 10, 3, 0, 0),
(1739, 10, 11, 1, 1, 0),
(1740, 10, 12, 3, 0, 3),
(1741, 10, 13, 0, 1, 1),
(1742, 10, 14, 2, 0, 0),
(1743, 10, 15, 3, 1, 3),
(1744, 10, 16, 3, 0, 3),
(1745, 10, 17, 2, 0, 1),
(1746, 10, 18, 0, 1, 3),
(1747, 10, 19, 2, 0, 0),
(1748, 10, 20, 2, 1, 0),
(1749, 10, 21, 2, 1, 0),
(1750, 10, 22, 1, 0, 3),
(1751, 10, 23, 2, 1, 7),
(1752, 10, 24, 2, 1, 3),
(1753, 10, 25, 1, 2, 3),
(1754, 10, 26, 2, 1, 0),
(1755, 10, 27, 2, 0, 3),
(1756, 10, 28, 1, 1, 7),
(1757, 10, 29, 2, 1, 0),
(1758, 10, 30, 1, 1, 0),
(1759, 10, 31, 4, 1, 3),
(1760, 10, 32, 3, 1, 3),
(1761, 10, 33, 1, 1, 0),
(1762, 10, 34, 2, 0, 7),
(1763, 10, 35, 0, 1, 7),
(1764, 10, 36, 1, 3, 3),
(1765, 10, 37, 0, 1, 1),
(1766, 10, 38, 0, 2, 0),
(1767, 10, 39, 1, 2, 7),
(1768, 10, 40, 0, 2, 7),
(1769, 10, 41, 0, 1, 3),
(1770, 10, 42, 1, 0, 0),
(1771, 10, 43, 0, 2, 3),
(1772, 10, 44, 0, 2, 0),
(1773, 10, 45, 0, 1, 3),
(1774, 10, 46, 0, 2, 0),
(1775, 10, 47, 1, 1, 0),
(1776, 10, 48, 0, 2, 0),
(1969, 19, 1, 0, 1, 3),
(1970, 19, 2, 2, 0, 3),
(1971, 19, 3, 0, 1, 3),
(1972, 19, 4, 1, 1, 7),
(1973, 19, 5, 3, 0, 0),
(1974, 19, 6, 3, 1, 0),
(1975, 19, 7, 1, 1, 3),
(1976, 19, 8, 3, 1, 3),
(1977, 19, 9, 1, 2, 0),
(1978, 19, 10, 3, 0, 0),
(1979, 19, 11, 2, 0, 3),
(1980, 19, 12, 2, 0, 3),
(1981, 19, 13, 1, 0, 7),
(1982, 19, 14, 2, 1, 0),
(1983, 19, 15, 3, 0, 3),
(1984, 19, 16, 3, 1, 3),
(1985, 19, 17, 1, 0, 0),
(1986, 19, 18, 0, 1, 3),
(1987, 19, 19, 1, 0, 0),
(1988, 19, 20, 1, 0, 0),
(1989, 19, 21, 0, 1, 7),
(1990, 19, 22, 2, 0, 7),
(1991, 19, 23, 2, 1, 7),
(1992, 19, 24, 2, 1, 3),
(1993, 19, 25, 0, 0, 0),
(1994, 19, 26, 1, 0, 0),
(1995, 19, 27, 1, 0, 3),
(1996, 19, 28, 2, 1, 0),
(1997, 19, 29, 0, 0, 3),
(1998, 19, 30, 1, 0, 0),
(1999, 19, 31, 2, 0, 3),
(2000, 19, 32, 2, 1, 3),
(2001, 19, 33, 1, 0, 0),
(2002, 19, 34, 2, 0, 7),
(2003, 19, 35, 0, 0, 0),
(2004, 19, 36, 1, 1, 0),
(2005, 19, 37, 0, 1, 1),
(2006, 19, 38, 0, 3, 0),
(2007, 19, 39, 0, 2, 3),
(2008, 19, 40, 1, 2, 3),
(2009, 19, 41, 0, 0, 0),
(2010, 19, 42, 1, 0, 0),
(2011, 19, 43, 0, 2, 3),
(2012, 19, 44, 0, 2, 0),
(2013, 19, 45, 0, 1, 3),
(2014, 19, 46, 0, 3, 0),
(2015, 19, 47, 1, 0, 0),
(2016, 19, 48, 0, 3, 0),
(2065, 20, 1, 2, 1, 0),
(2066, 20, 2, 4, 0, 3),
(2067, 20, 3, 2, 0, 1),
(2068, 20, 4, 1, 1, 7),
(2069, 20, 5, 2, 0, 0),
(2070, 20, 6, 2, 0, 0),
(2071, 20, 7, 1, 1, 3),
(2072, 20, 8, 1, 1, 0),
(2073, 20, 9, 1, 2, 0),
(2074, 20, 10, 2, 0, 0),
(2075, 20, 11, 2, 0, 3),
(2076, 20, 12, 2, 1, 3),
(2077, 20, 13, 1, 0, 7),
(2078, 20, 14, 2, 1, 0),
(2079, 20, 15, 3, 1, 3),
(2080, 20, 16, 4, 0, 3),
(2081, 20, 17, 0, 0, 0),
(2082, 20, 18, 0, 3, 3),
(2083, 20, 19, 2, 0, 0),
(2084, 20, 20, 2, 1, 0),
(2085, 20, 21, 1, 2, 3),
(2086, 20, 22, 1, 0, 3),
(2087, 20, 23, 0, 1, 0),
(2088, 20, 24, 2, 0, 7),
(2089, 20, 25, 1, 1, 0),
(2090, 20, 26, 2, 2, 0),
(2091, 20, 27, 1, 0, 3),
(2092, 20, 28, 2, 3, 0),
(2093, 20, 29, 2, 1, 0),
(2094, 20, 30, 1, 1, 0),
(2095, 20, 31, 3, 1, 3),
(2096, 20, 32, 2, 1, 3),
(2097, 20, 33, 0, 2, 3),
(2098, 20, 34, 1, 0, 3),
(2099, 20, 35, 0, 1, 7),
(2100, 20, 36, 0, 2, 3),
(2101, 20, 37, 1, 2, 0),
(2102, 20, 38, 0, 3, 0),
(2103, 20, 39, 1, 1, 0),
(2104, 20, 40, 0, 1, 3),
(2105, 20, 41, 1, 2, 7),
(2106, 20, 42, 1, 2, 0),
(2107, 20, 43, 0, 2, 3),
(2108, 20, 44, 1, 2, 1),
(2109, 20, 45, 0, 1, 3),
(2110, 20, 46, 0, 2, 0),
(2111, 20, 47, 0, 0, 0),
(2112, 20, 48, 0, 3, 0),
(2113, 21, 1, 1, 1, 0),
(2114, 21, 2, 4, 0, 3),
(2115, 21, 3, 2, 0, 1),
(2116, 21, 4, 0, 2, 0),
(2117, 21, 5, 2, 1, 1),
(2118, 21, 6, 2, 1, 0),
(2119, 21, 7, 1, 1, 3),
(2120, 21, 8, 3, 0, 3),
(2121, 21, 9, 0, 1, 0),
(2122, 21, 10, 2, 0, 0),
(2123, 21, 11, 2, 0, 3),
(2124, 21, 12, 2, 0, 3),
(2125, 21, 13, 0, 1, 1),
(2126, 21, 14, 2, 0, 0),
(2127, 21, 15, 3, 1, 3),
(2128, 21, 16, 3, 0, 3),
(2129, 21, 17, 1, 1, 0),
(2130, 21, 18, 1, 3, 7),
(2131, 21, 19, 3, 0, 0),
(2132, 21, 20, 2, 0, 0),
(2133, 21, 21, 0, 0, 0),
(2134, 21, 22, 2, 1, 3),
(2135, 21, 23, 1, 0, 3),
(2136, 21, 24, 3, 0, 3),
(2137, 21, 25, 2, 1, 0),
(2138, 21, 26, 1, 1, 0),
(2139, 21, 27, 2, 0, 3),
(2140, 21, 28, 1, 2, 0),
(2141, 21, 29, 2, 2, 3),
(2142, 21, 30, 0, 2, 3),
(2143, 21, 31, 4, 0, 3),
(2144, 21, 32, 2, 1, 3),
(2145, 21, 33, 1, 2, 7),
(2146, 21, 34, 1, 2, 0),
(2147, 21, 35, 1, 2, 3),
(2148, 21, 36, 2, 3, 3),
(2149, 21, 37, 1, 2, 0),
(2150, 21, 38, 0, 2, 0),
(2151, 21, 39, 1, 0, 0),
(2152, 21, 40, 2, 2, 0),
(2153, 21, 41, 2, 2, 0),
(2154, 21, 42, 3, 4, 0),
(2155, 21, 43, 0, 2, 3),
(2156, 21, 44, 0, 1, 0),
(2157, 21, 45, 2, 2, 0),
(2158, 21, 46, 1, 3, 0),
(2159, 21, 47, 1, 1, 0),
(2160, 21, 48, 0, 3, 0),
(2209, 4, 1, 1, 2, 3),
(2210, 4, 2, 2, 0, 3),
(2211, 4, 3, 0, 2, 7),
(2212, 4, 4, 1, 1, 7),
(2213, 4, 5, 4, 0, 0),
(2214, 4, 6, 2, 0, 0),
(2215, 4, 7, 2, 1, 0),
(2216, 4, 8, 1, 0, 3),
(2217, 4, 9, 0, 1, 0),
(2218, 4, 10, 3, 1, 0),
(2219, 4, 11, 2, 0, 3),
(2220, 4, 12, 2, 1, 3),
(2221, 4, 13, 2, 1, 3),
(2222, 4, 14, 1, 0, 0),
(2223, 4, 15, 1, 0, 3),
(2224, 4, 16, 3, 0, 3),
(2225, 4, 17, 0, 0, 0),
(2226, 4, 18, 0, 2, 3),
(2227, 4, 19, 2, 0, 0),
(2228, 4, 20, 2, 1, 0),
(2229, 4, 21, 1, 0, 1),
(2230, 4, 22, 3, 0, 3),
(2231, 4, 23, 1, 1, 0),
(2232, 4, 24, 3, 1, 3),
(2233, 4, 25, 2, 1, 0),
(2234, 4, 26, 2, 1, 0),
(2235, 4, 27, 2, 1, 3),
(2236, 4, 28, 1, 0, 0),
(2237, 4, 29, 1, 2, 0),
(2238, 4, 30, 1, 0, 0),
(2239, 4, 31, 2, 0, 3),
(2240, 4, 32, 1, 1, 0),
(2241, 4, 33, 1, 1, 0),
(2242, 4, 34, 4, 0, 3),
(2243, 4, 35, 1, 2, 3),
(2244, 4, 36, 1, 2, 3),
(2245, 4, 37, 0, 1, 1),
(2246, 4, 38, 0, 2, 0),
(2247, 4, 39, 0, 2, 3),
(2248, 4, 40, 1, 2, 3),
(2249, 4, 41, 1, 2, 7),
(2250, 4, 42, 1, 1, 3),
(2251, 4, 43, 0, 3, 3),
(2252, 4, 44, 0, 1, 0),
(2253, 4, 45, 1, 2, 3),
(2254, 4, 46, 1, 3, 0),
(2255, 4, 47, 1, 2, 3),
(2256, 4, 48, 0, 3, 0),
(2401, 3, 1, 1, 1, 0),
(2402, 3, 2, 2, 0, 3),
(2403, 3, 3, 1, 2, 3),
(2404, 3, 4, 2, 1, 0),
(2405, 3, 5, 3, 0, 0),
(2406, 3, 6, 1, 0, 0),
(2407, 3, 7, 2, 1, 0),
(2408, 3, 8, 3, 0, 3),
(2409, 3, 9, 1, 1, 3),
(2410, 3, 10, 2, 1, 1),
(2411, 3, 11, 2, 0, 3),
(2412, 3, 12, 1, 0, 7),
(2413, 3, 13, 1, 1, 0),
(2414, 3, 14, 1, 0, 0),
(2415, 3, 15, 2, 1, 3),
(2416, 3, 16, 3, 1, 3),
(2417, 3, 17, 1, 1, 0),
(2418, 3, 18, 1, 1, 0),
(2419, 3, 19, 2, 1, 0),
(2420, 3, 20, 1, 0, 0),
(2421, 3, 21, 1, 0, 1),
(2422, 3, 22, 2, 0, 7),
(2423, 3, 23, 2, 0, 3),
(2424, 3, 24, 2, 1, 3),
(2425, 3, 25, 1, 0, 1),
(2426, 3, 26, 1, 1, 0),
(2427, 3, 27, 2, 1, 3),
(2428, 3, 28, 2, 1, 0),
(2429, 3, 29, 1, 2, 0),
(2430, 3, 30, 1, 1, 0),
(2431, 3, 31, 2, 0, 3),
(2432, 3, 32, 1, 1, 0),
(2433, 3, 33, 1, 2, 7),
(2434, 3, 34, 2, 1, 3),
(2435, 3, 35, 1, 2, 3),
(2436, 3, 36, 1, 3, 3),
(2437, 3, 37, 0, 1, 1),
(2438, 3, 38, 0, 1, 1),
(2439, 3, 39, 0, 2, 3),
(2440, 3, 40, 0, 1, 3),
(2441, 3, 41, 1, 2, 7),
(2442, 3, 42, 2, 1, 0),
(2443, 3, 43, 0, 2, 3),
(2444, 3, 44, 0, 1, 0),
(2445, 3, 45, 1, 2, 3),
(2446, 3, 46, 0, 1, 0),
(2447, 3, 47, 1, 1, 0),
(2448, 3, 48, 0, 2, 0),
(2449, 23, 1, 2, 1, 0),
(2450, 23, 2, 4, 1, 3),
(2451, 23, 3, 1, 3, 3),
(2452, 23, 4, 2, 0, 0),
(2453, 23, 5, 3, 0, 0),
(2454, 23, 6, 3, 1, 0),
(2455, 23, 7, 1, 2, 0),
(2456, 23, 8, 2, 0, 3),
(2457, 23, 9, 1, 2, 0),
(2458, 23, 10, 2, 0, 0),
(2459, 23, 11, 4, 0, 3),
(2460, 23, 12, 2, 1, 3),
(2461, 23, 13, 3, 1, 3),
(2462, 23, 14, 3, 1, 0),
(2463, 23, 15, 2, 0, 3),
(2464, 23, 16, 3, 1, 3),
(2465, 23, 17, 2, 1, 0),
(2466, 23, 18, 1, 2, 3),
(2467, 23, 19, 2, 0, 0),
(2468, 23, 20, 2, 1, 0),
(2469, 23, 21, 2, 1, 0),
(2470, 23, 22, 2, 0, 7),
(2471, 23, 23, 2, 1, 7),
(2472, 23, 24, 3, 1, 3),
(2473, 23, 25, 3, 1, 0),
(2474, 23, 26, 1, 2, 3),
(2475, 23, 27, 3, 1, 3),
(2476, 23, 28, 3, 2, 0),
(2477, 23, 29, 1, 1, 3),
(2478, 23, 30, 1, 1, 0),
(2479, 23, 31, 3, 2, 3),
(2480, 23, 32, 2, 3, 0),
(2481, 23, 33, 0, 1, 3),
(2482, 23, 34, 2, 1, 3),
(2483, 23, 35, 0, 2, 3),
(2484, 23, 36, 1, 3, 3),
(2485, 23, 37, 0, 2, 0),
(2486, 23, 38, 0, 3, 0),
(2487, 23, 39, 1, 3, 3),
(2488, 23, 40, 2, 2, 0),
(2489, 23, 41, 1, 1, 0),
(2490, 23, 42, 2, 1, 0),
(2491, 23, 43, 0, 3, 3),
(2492, 23, 44, 1, 2, 1),
(2493, 23, 45, 1, 3, 3),
(2494, 23, 46, 0, 2, 0),
(2495, 23, 47, 2, 2, 0),
(2496, 23, 48, 1, 4, 0),
(2497, 22, 1, 1, 2, 3),
(2498, 22, 2, 3, 0, 3),
(2499, 22, 3, 1, 2, 3),
(2500, 22, 4, 1, 1, 7),
(2501, 22, 5, 3, 0, 0),
(2502, 22, 6, 3, 1, 0),
(2503, 22, 7, 1, 1, 3),
(2504, 22, 8, 2, 0, 3),
(2505, 22, 9, 0, 2, 0),
(2506, 22, 10, 2, 0, 0),
(2507, 22, 11, 3, 0, 3),
(2508, 22, 12, 1, 1, 0),
(2509, 22, 13, 2, 1, 3),
(2510, 22, 14, 2, 1, 0),
(2511, 22, 15, 3, 1, 3),
(2512, 22, 16, 2, 0, 7),
(2513, 22, 17, 2, 0, 1),
(2514, 22, 18, 1, 3, 7),
(2515, 22, 19, 2, 0, 0),
(2516, 22, 20, 2, 1, 0),
(2517, 22, 21, 1, 0, 1),
(2518, 22, 22, 2, 0, 7),
(2519, 22, 23, 1, 1, 0),
(2520, 22, 24, 2, 1, 3),
(2521, 22, 25, 1, 1, 0),
(2522, 22, 26, 2, 1, 0),
(2523, 22, 27, 2, 1, 3),
(2524, 22, 28, 1, 1, 7),
(2525, 22, 29, 1, 1, 3),
(2526, 22, 30, 1, 2, 3),
(2527, 22, 31, 2, 1, 3),
(2528, 22, 32, 2, 1, 3),
(2529, 22, 33, 1, 2, 7),
(2530, 22, 34, 2, 1, 3),
(2531, 22, 35, 0, 2, 3),
(2532, 22, 36, 1, 2, 3),
(2533, 22, 37, 0, 2, 0),
(2534, 22, 38, 0, 2, 0),
(2535, 22, 39, 0, 2, 3),
(2536, 22, 40, 1, 1, 0),
(2537, 22, 41, 1, 2, 7),
(2538, 22, 42, 1, 1, 3),
(2539, 22, 43, 0, 1, 3),
(2540, 22, 44, 0, 2, 0),
(2541, 22, 45, 1, 1, 0),
(2542, 22, 46, 0, 2, 0),
(2543, 22, 47, 0, 2, 3),
(2544, 22, 48, 1, 2, 0),
(2545, 1, 1, 1, 1, 0),
(2546, 1, 2, 4, 0, 3),
(2547, 1, 3, 0, 1, 3),
(2548, 1, 4, 1, 1, 7),
(2549, 1, 5, 3, 0, 0),
(2550, 1, 6, 2, 1, 0),
(2551, 1, 7, 1, 2, 0),
(2552, 1, 8, 1, 0, 3),
(2553, 1, 9, 0, 1, 0),
(2554, 1, 10, 2, 0, 0),
(2555, 1, 11, 3, 0, 3),
(2556, 1, 12, 3, 0, 3),
(2557, 1, 13, 1, 0, 7),
(2558, 1, 14, 2, 0, 0),
(2559, 1, 15, 1, 0, 3),
(2560, 1, 16, 2, 0, 7),
(2561, 1, 17, 1, 0, 0),
(2562, 1, 18, 0, 2, 3),
(2563, 1, 19, 2, 0, 0),
(2564, 1, 20, 1, 0, 0),
(2565, 1, 21, 2, 0, 0),
(2566, 1, 22, 1, 0, 3),
(2567, 1, 23, 0, 0, 0),
(2568, 1, 24, 2, 0, 7),
(2569, 1, 25, 3, 0, 0),
(2570, 1, 26, 3, 0, 0),
(2571, 1, 27, 2, 0, 3),
(2572, 1, 28, 2, 2, 3),
(2573, 1, 29, 0, 1, 0),
(2574, 1, 30, 1, 0, 0),
(2575, 1, 31, 2, 0, 3),
(2576, 1, 32, 2, 1, 3),
(2577, 1, 33, 1, 1, 0),
(2578, 1, 34, 3, 0, 3),
(2579, 1, 35, 0, 2, 3),
(2580, 1, 36, 0, 1, 3),
(2581, 1, 37, 1, 2, 0),
(2582, 1, 38, 0, 1, 1),
(2583, 1, 39, 0, 1, 3),
(2584, 1, 40, 0, 2, 7),
(2585, 1, 41, 0, 1, 3),
(2586, 1, 42, 1, 0, 0),
(2587, 1, 43, 0, 2, 3),
(2588, 1, 44, 0, 2, 0),
(2589, 1, 45, 0, 3, 3),
(2590, 1, 46, 0, 2, 0),
(2591, 1, 47, 1, 2, 3),
(2592, 1, 48, 0, 3, 0),
(2593, 5, 1, 1, 1, 0),
(2594, 5, 2, 3, 0, 3),
(2595, 5, 3, 1, 2, 3),
(2596, 5, 4, 1, 1, 7),
(2597, 5, 5, 2, 0, 0),
(2598, 5, 6, 1, 0, 0),
(2599, 5, 7, 1, 1, 3),
(2600, 5, 8, 2, 1, 3),
(2601, 5, 9, 1, 2, 0),
(2602, 5, 10, 2, 0, 0),
(2603, 5, 11, 1, 0, 3),
(2604, 5, 12, 2, 0, 3),
(2605, 5, 13, 1, 1, 0),
(2606, 5, 14, 2, 1, 0),
(2607, 5, 15, 2, 0, 3),
(2608, 5, 16, 2, 0, 7),
(2609, 5, 17, 2, 1, 0),
(2610, 5, 18, 2, 1, 0),
(2611, 5, 19, 2, 1, 0),
(2612, 5, 20, 2, 0, 0),
(2613, 5, 21, 1, 1, 0),
(2614, 5, 22, 2, 0, 7),
(2615, 5, 23, 2, 1, 7),
(2616, 5, 24, 2, 1, 3),
(2617, 5, 25, 1, 1, 0),
(2618, 5, 26, 1, 0, 0),
(2619, 5, 27, 2, 0, 3),
(2620, 5, 28, 1, 1, 7),
(2621, 5, 29, 1, 1, 3),
(2622, 5, 30, 1, 1, 0),
(2623, 5, 31, 2, 0, 3),
(2624, 5, 32, 1, 1, 0),
(2625, 5, 33, 1, 1, 0),
(2626, 5, 34, 2, 0, 7),
(2627, 5, 35, 0, 2, 3),
(2628, 5, 36, 1, 2, 3),
(2629, 5, 37, 1, 2, 0),
(2630, 5, 38, 0, 2, 0),
(2631, 5, 39, 0, 2, 3),
(2632, 5, 40, 1, 2, 3),
(2633, 5, 41, 1, 1, 0),
(2634, 5, 42, 1, 1, 3),
(2635, 5, 43, 0, 3, 3),
(2636, 5, 44, 0, 2, 0),
(2637, 5, 45, 0, 2, 7),
(2638, 5, 46, 0, 2, 0),
(2639, 5, 47, 1, 1, 0),
(2640, 5, 48, 0, 3, 0),
(2641, 24, 1, 2, 1, 0),
(2642, 24, 2, 3, 0, 3),
(2643, 24, 3, 1, 3, 3),
(2644, 24, 4, 2, 1, 0),
(2645, 24, 5, 4, 0, 0),
(2646, 24, 6, 2, 1, 0),
(2647, 24, 7, 1, 3, 0),
(2648, 24, 8, 1, 0, 3),
(2649, 24, 9, 1, 3, 0),
(2650, 24, 10, 3, 1, 0),
(2651, 24, 11, 3, 1, 3),
(2652, 24, 12, 4, 1, 3),
(2653, 24, 13, 1, 0, 7),
(2654, 24, 14, 3, 1, 0),
(2655, 24, 15, 2, 0, 3),
(2656, 24, 16, 3, 0, 3),
(2657, 24, 17, 2, 0, 1),
(2658, 24, 18, 1, 2, 3),
(2659, 24, 19, 2, 0, 0),
(2660, 24, 20, 3, 1, 0),
(2661, 24, 21, 1, 2, 3),
(2662, 24, 22, 2, 1, 3),
(2663, 24, 23, 2, 1, 7),
(2664, 24, 24, 3, 1, 3),
(2665, 24, 25, 2, 0, 0),
(2666, 24, 26, 2, 1, 0),
(2667, 24, 27, 3, 1, 3),
(2668, 24, 28, 2, 4, 0),
(2669, 24, 29, 1, 2, 0),
(2670, 24, 30, 2, 1, 0),
(2671, 24, 31, 2, 0, 3),
(2672, 24, 32, 2, 3, 0),
(2673, 24, 33, 1, 2, 7),
(2674, 24, 34, 2, 1, 3),
(2675, 24, 35, 1, 2, 3),
(2676, 24, 36, 1, 2, 3),
(2677, 24, 37, 1, 2, 0),
(2678, 24, 38, 1, 3, 0),
(2679, 24, 39, 1, 2, 7),
(2680, 24, 40, 2, 3, 3),
(2681, 24, 41, 1, 2, 7),
(2682, 24, 42, 1, 2, 0),
(2683, 24, 43, 1, 3, 3),
(2684, 24, 44, 1, 2, 1),
(2685, 24, 45, 1, 2, 3),
(2686, 24, 46, 1, 3, 0),
(2687, 24, 47, 1, 0, 0),
(2688, 24, 48, 0, 4, 0),
(2721, 22, 49, 1, 0, 3),
(2722, 22, 50, 2, 0, 3),
(2723, 22, 51, 2, 0, 3),
(2724, 22, 52, 2, 1, 3),
(2725, 22, 53, 1, 2, 0),
(2726, 22, 54, 2, 1, 3),
(2727, 22, 55, 1, 2, 0),
(2728, 22, 56, 2, 0, 3),
(2729, 5, 49, 2, 1, 3),
(2730, 5, 50, 2, 1, 7),
(2731, 5, 51, 2, 1, 3),
(2732, 5, 52, 2, 1, 3),
(2733, 5, 53, 1, 2, 0),
(2734, 5, 54, 2, 1, 3),
(2735, 5, 55, 1, 2, 0),
(2736, 5, 56, 2, 1, 3),
(2737, 17, 49, 2, 0, 3),
(2738, 17, 50, 2, 0, 3),
(2739, 17, 51, 2, 0, 3),
(2740, 17, 52, 2, 0, 3),
(2741, 17, 53, 0, 2, 0),
(2742, 17, 54, 2, 0, 3),
(2743, 17, 55, 0, 2, 0),
(2744, 17, 56, 2, 0, 3),
(2745, 7, 49, 2, 0, 3),
(2746, 7, 50, 2, 0, 3),
(2747, 7, 51, 3, 1, 7),
(2748, 7, 52, 2, 1, 3),
(2749, 7, 53, 1, 2, 0),
(2750, 7, 54, 2, 0, 3),
(2751, 7, 55, 1, 3, 0),
(2752, 7, 56, 2, 2, 0),
(2753, 12, 49, 2, 1, 3),
(2754, 12, 50, 3, 0, 3),
(2755, 12, 51, 2, 0, 3),
(2756, 12, 52, 2, 1, 3),
(2757, 12, 53, 2, 1, 0),
(2758, 12, 54, 3, 0, 3),
(2759, 12, 55, 1, 2, 0),
(2760, 12, 56, 1, 1, 0),
(2761, 13, 49, 1, 2, 0),
(2762, 13, 50, 4, 1, 3),
(2763, 13, 51, 3, 0, 3),
(2764, 13, 52, 2, 1, 3),
(2765, 13, 53, 2, 1, 0),
(2766, 13, 54, 4, 0, 3),
(2767, 13, 55, 1, 3, 0),
(2768, 13, 56, 1, 1, 0),
(2777, 10, 49, 1, 0, 3),
(2778, 10, 50, 2, 0, 3),
(2779, 10, 51, 3, 1, 7),
(2780, 10, 52, 2, 1, 3),
(2781, 10, 53, 1, 1, 7),
(2782, 10, 54, 2, 0, 3),
(2783, 10, 55, 2, 1, 0),
(2784, 10, 56, 2, 0, 3),
(2793, 3, 49, 2, 1, 3),
(2794, 3, 50, 1, 0, 3),
(2795, 3, 51, 3, 1, 7),
(2796, 3, 52, 1, 1, 0),
(2797, 3, 53, 0, 0, 3),
(2798, 3, 54, 2, 0, 3),
(2799, 3, 55, 0, 2, 0),
(2800, 3, 56, 1, 0, 3),
(2809, 8, 49, 2, 0, 3),
(2810, 8, 50, 3, 0, 3),
(2811, 8, 51, 2, 0, 3),
(2812, 8, 52, 3, 1, 3),
(2813, 8, 53, 1, 2, 0),
(2814, 8, 54, 2, 0, 3),
(2815, 8, 55, 1, 1, 3),
(2816, 8, 56, 2, 0, 3),
(2817, 15, 49, 2, 1, 3),
(2818, 15, 50, 2, 0, 3),
(2819, 15, 51, 2, 0, 3),
(2820, 15, 52, 1, 1, 0),
(2821, 15, 53, 1, 0, 0),
(2822, 15, 54, 2, 1, 3),
(2823, 15, 55, 2, 1, 0),
(2824, 15, 56, 2, 0, 3),
(2825, 4, 49, 1, 0, 3),
(2826, 4, 50, 2, 0, 3),
(2827, 4, 51, 2, 1, 3),
(2828, 4, 52, 2, 0, 3),
(2829, 4, 53, 1, 1, 7),
(2830, 4, 54, 2, 0, 3),
(2831, 4, 55, 0, 1, 0),
(2832, 4, 56, 2, 1, 3),
(2833, 14, 49, 1, 1, 0),
(2834, 14, 50, 2, 0, 3),
(2835, 14, 51, 2, 1, 3),
(2836, 14, 52, 1, 2, 0),
(2837, 14, 53, 0, 2, 0),
(2838, 14, 54, 2, 1, 3),
(2839, 14, 55, 3, 2, 0),
(2840, 14, 56, 2, 1, 3),
(2841, 20, 49, 1, 2, 0),
(2842, 20, 50, 1, 1, 0),
(2843, 20, 51, 2, 1, 3),
(2844, 20, 52, 2, 2, 0),
(2845, 20, 53, 2, 1, 0),
(2846, 20, 54, 2, 2, 0),
(2847, 20, 55, 2, 2, 3),
(2848, 20, 56, 3, 1, 3),
(2849, 21, 49, 2, 1, 3),
(2850, 21, 50, 2, 0, 3),
(2851, 21, 51, 3, 2, 3),
(2852, 21, 52, 1, 0, 3),
(2853, 21, 53, 0, 2, 0),
(2854, 21, 54, 2, 1, 3),
(2855, 21, 55, 2, 1, 0),
(2856, 21, 56, 3, 1, 3),
(2857, 6, 49, 2, 0, 3),
(2858, 6, 50, 3, 1, 3),
(2859, 6, 51, 2, 0, 3),
(2860, 6, 52, 2, 0, 3),
(2861, 6, 53, 1, 2, 0),
(2862, 6, 54, 2, 1, 3),
(2863, 6, 55, 1, 2, 0),
(2864, 6, 56, 1, 0, 3),
(2881, 16, 49, 1, 2, 0),
(2882, 16, 50, 1, 0, 3),
(2883, 16, 51, 3, 0, 3),
(2884, 16, 52, 3, 1, 3),
(2885, 16, 53, 1, 2, 0),
(2886, 16, 54, 3, 0, 3),
(2887, 16, 55, 1, 0, 0),
(2888, 16, 56, 1, 0, 3),
(2889, 11, 49, 2, 0, 3),
(2890, 11, 50, 3, 1, 3),
(2891, 11, 51, 1, 0, 3),
(2892, 11, 52, 2, 0, 3),
(2893, 11, 53, 1, 0, 0),
(2894, 11, 54, 2, 0, 3),
(2895, 11, 55, 0, 2, 0),
(2896, 11, 56, 2, 0, 3),
(2897, 1, 49, 1, 0, 3),
(2898, 1, 50, 2, 0, 3),
(2899, 1, 51, 2, 0, 3),
(2900, 1, 52, 1, 0, 3),
(2901, 1, 53, 1, 0, 0),
(2902, 1, 54, 2, 0, 3),
(2903, 1, 55, 1, 0, 0),
(2904, 1, 56, 2, 0, 3),
(2905, 18, 49, 1, 2, 0),
(2906, 18, 50, 1, 1, 0),
(2907, 18, 51, 2, 0, 3),
(2908, 18, 52, 0, 1, 0),
(2909, 18, 53, 2, 1, 0),
(2910, 18, 54, 1, 2, 0),
(2911, 18, 55, 2, 1, 0),
(2912, 18, 56, 1, 1, 0),
(2913, 19, 49, 1, 1, 0),
(2914, 19, 50, 2, 1, 7),
(2915, 19, 51, 2, 1, 3),
(2916, 19, 52, 1, 0, 3),
(2917, 19, 53, 1, 2, 0),
(2918, 19, 54, 2, 0, 3),
(2919, 19, 55, 1, 2, 0),
(2920, 19, 56, 2, 0, 3),
(2921, 23, 49, 1, 2, 0),
(2922, 23, 50, 2, 0, 3),
(2923, 23, 51, 3, 1, 7),
(2924, 23, 52, 1, 2, 0),
(2925, 23, 53, 2, 1, 0),
(2926, 23, 54, 4, 1, 7),
(2927, 23, 55, 3, 2, 0),
(2928, 23, 56, 3, 2, 3),
(2929, 24, 49, 1, 0, 3),
(2930, 24, 50, 2, 0, 3),
(2931, 24, 51, 3, 1, 7),
(2932, 24, 52, 2, 0, 3),
(2933, 24, 53, 1, 2, 0),
(2934, 24, 54, 2, 0, 3),
(2935, 24, 55, 1, 2, 0),
(2936, 24, 56, 2, 0, 3),
(2945, 9, 49, 2, 2, 0),
(2946, 9, 50, 1, 0, 3),
(2947, 9, 51, 3, 1, 7),
(2948, 9, 52, 3, 1, 3),
(2949, 9, 53, 2, 1, 0),
(2950, 9, 54, 3, 1, 3),
(2951, 9, 55, 2, 1, 0),
(2952, 9, 56, 2, 1, 3),
(2977, 22, 57, 0, 2, 0),
(2978, 22, 58, 2, 1, 0),
(2979, 22, 59, 0, 3, 0),
(2980, 22, 60, 1, 3, 3),
(2985, 6, 57, 0, 2, 0),
(2986, 6, 58, 1, 2, 0),
(2987, 6, 59, 0, 1, 1),
(2988, 6, 60, 1, 2, 7),
(2989, 15, 57, 0, 3, 0),
(2990, 15, 58, 1, 2, 0),
(2991, 15, 59, 1, 2, 0),
(2992, 15, 60, 0, 2, 3),
(2993, 18, 57, 0, 2, 0),
(2994, 18, 58, 1, 2, 0),
(2995, 18, 59, 0, 1, 1),
(2996, 18, 60, 1, 2, 7),
(3001, 23, 57, 1, 2, 0),
(3002, 23, 58, 1, 1, 3),
(3003, 23, 59, 1, 2, 0),
(3004, 23, 60, 1, 3, 3),
(3005, 14, 57, 0, 2, 0),
(3006, 14, 58, 1, 1, 3),
(3007, 14, 59, 1, 3, 0),
(3008, 14, 60, 1, 3, 3),
(3009, 13, 57, 0, 4, 0),
(3010, 13, 58, 1, 2, 0),
(3011, 13, 59, 2, 1, 3),
(3012, 13, 60, 1, 3, 3),
(3013, 12, 57, 0, 3, 0),
(3014, 12, 58, 1, 2, 0),
(3015, 12, 59, 2, 1, 3),
(3016, 12, 60, 1, 3, 3),
(3025, 3, 57, 0, 2, 0),
(3026, 3, 58, 0, 1, 0),
(3027, 3, 59, 1, 0, 7),
(3028, 3, 60, 1, 3, 3),
(3029, 9, 57, 1, 4, 0),
(3030, 9, 58, 1, 2, 0),
(3031, 9, 59, 2, 1, 3),
(3032, 9, 60, 1, 3, 3),
(3033, 4, 57, 1, 3, 0),
(3034, 4, 58, 0, 1, 0),
(3035, 4, 59, 1, 2, 0),
(3036, 4, 60, 1, 2, 7),
(3037, 8, 57, 1, 3, 0),
(3038, 8, 58, 1, 2, 0),
(3039, 8, 59, 1, 2, 0),
(3040, 8, 60, 1, 3, 3),
(3041, 7, 57, 1, 3, 0),
(3042, 7, 58, 1, 2, 0),
(3043, 7, 59, 1, 3, 0),
(3044, 7, 60, 1, 3, 3),
(3045, 5, 57, 1, 2, 0),
(3046, 5, 58, 1, 2, 0),
(3047, 5, 59, 1, 2, 0),
(3048, 5, 60, 1, 2, 7),
(3049, 16, 57, 0, 2, 0),
(3050, 16, 58, 2, 2, 7),
(3051, 16, 59, 1, 3, 0),
(3052, 16, 60, 2, 3, 3),
(3053, 17, 57, 0, 2, 0),
(3054, 17, 58, 1, 2, 0),
(3055, 17, 59, 0, 1, 1),
(3056, 17, 60, 2, 2, 0),
(3061, 19, 57, 0, 3, 0),
(3062, 19, 58, 0, 2, 0),
(3063, 19, 59, 1, 2, 0),
(3064, 19, 60, 1, 1, 0),
(3073, 11, 57, 1, 3, 0),
(3074, 11, 58, 1, 2, 0),
(3075, 11, 59, 1, 3, 0),
(3076, 11, 60, 0, 1, 3),
(3085, 21, 57, 1, 3, 0),
(3086, 21, 58, 2, 2, 7),
(3087, 21, 59, 2, 2, 0),
(3088, 21, 60, 0, 9, 3),
(3089, 20, 57, 0, 2, 0),
(3090, 20, 58, 3, 1, 0),
(3091, 20, 59, 2, 1, 3),
(3092, 20, 60, 1, 2, 7),
(3093, 10, 57, 0, 2, 0),
(3094, 10, 58, 1, 1, 3),
(3095, 10, 59, 1, 2, 0),
(3096, 10, 60, 0, 2, 3),
(3097, 1, 57, 0, 1, 0),
(3098, 1, 58, 0, 2, 0),
(3099, 1, 59, 0, 3, 0),
(3100, 1, 60, 2, 1, 1),
(3101, 24, 57, 1, 3, 0),
(3102, 24, 58, 1, 2, 0),
(3103, 24, 59, 0, 2, 0),
(3104, 24, 60, 2, 3, 3),
(3111, 8, 61, 2, 1, 3),
(3112, 8, 62, 2, 1, 3),
(3113, 6, 61, 2, 0, 3),
(3114, 6, 62, 2, 0, 7),
(3115, 12, 61, 2, 0, 3),
(3116, 12, 62, 3, 0, 3),
(3117, 13, 61, 2, 1, 3),
(3118, 13, 62, 3, 1, 3),
(3119, 18, 61, 2, 1, 3),
(3120, 18, 62, 1, 0, 3),
(3121, 17, 61, 2, 0, 3),
(3122, 17, 62, 3, 0, 3),
(3123, 5, 61, 2, 1, 3),
(3124, 5, 62, 2, 1, 3),
(3125, 4, 61, 1, 0, 3),
(3126, 4, 62, 1, 0, 3),
(3127, 16, 61, 2, 2, 0),
(3128, 16, 62, 4, 0, 3),
(3129, 7, 61, 2, 1, 3),
(3130, 7, 62, 4, 1, 3),
(3131, 22, 61, 1, 1, 0),
(3132, 22, 62, 2, 0, 7),
(3133, 23, 61, 1, 1, 0),
(3134, 23, 62, 2, 0, 7),
(3135, 15, 61, 1, 2, 0),
(3136, 15, 62, 2, 0, 7),
(3137, 14, 61, 1, 2, 0),
(3138, 14, 62, 2, 0, 7),
(3139, 24, 61, 2, 1, 3),
(3140, 24, 62, 1, 0, 3),
(3141, 1, 61, 3, 1, 3),
(3142, 1, 62, 1, 0, 3),
(3143, 20, 61, 1, 1, 0),
(3144, 20, 62, 1, 0, 3),
(3145, 11, 61, 2, 1, 3),
(3146, 11, 62, 2, 0, 7),
(3147, 19, 61, 1, 1, 0),
(3148, 19, 62, 2, 0, 7),
(3149, 3, 61, 0, 0, 0),
(3150, 3, 62, 2, 0, 7),
(3151, 10, 61, 2, 1, 3),
(3152, 10, 62, 4, 1, 3),
(3153, 21, 61, 1, 0, 3),
(3154, 21, 62, 2, 1, 3),
(3155, 9, 61, 0, 0, 0),
(3156, 9, 62, 2, 0, 7),
(3161, 6, 63, 2, 0, 3),
(3162, 6, 64, 1, 2, 0),
(3163, 18, 63, 3, 1, 3),
(3164, 18, 64, 1, 2, 0),
(3165, 22, 63, 1, 0, 3),
(3166, 22, 64, 0, 1, 0),
(3167, 12, 63, 2, 1, 7),
(3168, 12, 64, 1, 2, 0),
(3169, 13, 63, 1, 2, 1),
(3170, 13, 64, 1, 2, 0),
(3173, 15, 63, 0, 1, 0),
(3174, 15, 64, 0, 2, 0),
(3175, 8, 63, 3, 1, 3),
(3176, 8, 64, 1, 3, 0),
(3177, 14, 63, 1, 2, 1),
(3178, 14, 64, 1, 3, 0),
(3179, 7, 63, 2, 1, 7),
(3180, 7, 64, 1, 2, 0),
(3181, 16, 63, 2, 1, 7),
(3182, 16, 64, 1, 3, 0),
(3183, 5, 63, 2, 1, 7),
(3184, 5, 64, 2, 1, 0),
(3185, 17, 63, 1, 0, 3),
(3186, 17, 64, 1, 2, 0),
(3189, 4, 63, 3, 0, 3),
(3190, 4, 64, 1, 1, 6),
(3191, 19, 63, 3, 1, 3),
(3192, 19, 64, 2, 2, 6),
(3193, 20, 63, 1, 1, 0),
(3194, 20, 64, 0, 2, 0),
(3195, 21, 63, 0, 2, 0),
(3196, 21, 64, 1, 3, 0),
(3199, 10, 63, 1, 2, 1),
(3200, 10, 64, 1, 3, 0),
(3201, 1, 63, 2, 0, 3),
(3202, 1, 64, 2, 1, 0),
(3203, 11, 63, 2, 1, 7),
(3204, 11, 64, 1, 2, 0),
(3205, 24, 63, 1, 1, 0),
(3206, 24, 64, 1, 2, 0),
(3207, 23, 63, 2, 0, 3),
(3208, 23, 64, 2, 4, 0),
(3209, 3, 63, 1, 0, 3),
(3210, 3, 64, 1, 3, 0),
(3213, 9, 63, 1, 0, 3),
(3214, 9, 64, 0, 3, 0);

-- --------------------------------------------------------

--
-- Structure de la table `pronostics_bonus`
--

CREATE TABLE `pronostics_bonus` (
  `id_membre` int(11) NOT NULL,
  `team_winner_id` int(11) NOT NULL,
  `team_winner_id_point` int(4) DEFAULT '-1',
  `min_first` int(11) DEFAULT NULL,
  `min_first_point` int(4) DEFAULT '-1',
  `min_last` int(11) DEFAULT NULL,
  `min_last_point` int(4) DEFAULT '-1',
  `total_but` int(11) DEFAULT NULL,
  `total_but_point` int(4) DEFAULT '-1',
  `best_scorer` varchar(255) DEFAULT NULL,
  `best_scorer_point` int(4) DEFAULT '-1',
  `player_winner_id` int(11) NOT NULL,
  `player_winner` varchar(255) DEFAULT NULL,
  `player_winner_point` int(4) DEFAULT '-1',
  `modif` int(11) DEFAULT '1'
) ENGINE=InnoDB DEFAULT CHARSET=utf8 ROW_FORMAT=DYNAMIC;

--
-- Déchargement des données de la table `pronostics_bonus`
--

INSERT INTO `pronostics_bonus` (`id_membre`, `team_winner_id`, `team_winner_id_point`, `min_first`, `min_first_point`, `min_last`, `min_last_point`, `total_but`, `total_but_point`, `best_scorer`, `best_scorer_point`, `player_winner_id`, `player_winner`, `player_winner_point`, `modif`) VALUES
(1, 25, 1, 26, 0, 67, 0, 171, 5, 'Neymar', 0, 5, NULL, 0, 1),
(3, 9, 11, 6, 0, 58, 0, 166, 0, 'Neymar', 0, 7, NULL, 0, 1),
(4, 25, 1, 27, 0, 82, 0, 141, 0, 'Neymar', 0, 16, NULL, 0, 1),
(5, 9, 11, 23, 0, 73, 0, 151, 0, 'Messi', 0, 16, NULL, 0, 1),
(6, 9, 11, 27, 0, 78, 0, 165, 0, 'Messi', 0, 7, NULL, 0, 1),
(7, 9, 11, 27, 0, 77, 0, 170, 5, 'Neymar', 0, 6, NULL, 5, 1),
(8, 13, 6, 24, 0, 87, 0, 182, 0, 'Mbappe', 5, 15, NULL, 0, 1),
(9, 25, 1, 21, 0, 77, 0, 177, 0, 'Gabriel Jesus ', 0, 9, NULL, 0, 1),
(10, 25, 1, 7, 0, 77, 0, 177, 0, 'Neymar', 0, 10, NULL, 0, 1),
(11, 13, 6, 10, 0, 87, 0, 160, 0, 'Mbappe', 5, 1, NULL, 0, 1),
(12, 13, 6, 28, 0, 77, 0, 170, 5, 'Mbappe', 5, 12, NULL, 0, 1),
(13, 25, 1, 75, 0, 80, 0, 168, 0, 'Neymar', 0, 12, NULL, 0, 1),
(14, 14, -3, 29, 0, 83, 0, 158, 0, 'Mbappe', 5, 18, NULL, 0, 1),
(15, 13, 6, 17, 5, 84, 0, 176, 0, 'Mbappe', 5, 15, NULL, 0, 1),
(16, 25, 1, 33, 0, 85, 0, 176, 0, 'Mbappe', 5, 16, NULL, 0, 1),
(17, 25, 1, 38, 0, 77, 0, 153, 0, 'Mbappe', 5, 5, NULL, 0, 1),
(18, 18, -3, 37, 0, 37, 0, 121, 0, 'Mbappe', 5, 18, NULL, 0, 1),
(19, 29, 1, 32, 0, 87, 0, 147, 0, 'Messi', 0, 3, NULL, 0, 1),
(20, 25, 1, 23, 0, 92, 0, 194, 0, 'Gabriel Jesus ', 0, 20, NULL, 0, 1),
(21, 25, 1, 12, 0, 60, 0, 197, 0, 'Neymar', 0, 21, NULL, 0, 1),
(22, 29, 1, 22, 0, 77, 0, 165, 0, 'Neymar', 0, 10, NULL, 0, 1),
(23, 29, 1, 37, 0, 81, 0, 167, 0, 'Neymar', 0, 23, NULL, 0, 1),
(24, 25, 1, 24, 0, 78, 0, 210, 0, 'Neymar', 0, 6, NULL, 5, 1);

--
-- Index pour les tables déchargées
--

--
-- Index pour la table `best_scorer`
--
ALTER TABLE `best_scorer`
  ADD PRIMARY KEY (`id_joueur`);

--
-- Index pour la table `coequipiers`
--
ALTER TABLE `coequipiers`
  ADD PRIMARY KEY (`id`);

--
-- Index pour la table `demandes`
--
ALTER TABLE `demandes`
  ADD PRIMARY KEY (`id_demande`);

--
-- Index pour la table `equipes`
--
ALTER TABLE `equipes`
  ADD PRIMARY KEY (`id_equipe`);

--
-- Index pour la table `etat`
--
ALTER TABLE `etat`
  ADD PRIMARY KEY (`id`);

--
-- Index pour la table `historic_rang`
--
ALTER TABLE `historic_rang`
  ADD PRIMARY KEY (`type`,`id_owner`,`date`);

--
-- Index pour la table `joker`
--
ALTER TABLE `joker`
  ADD UNIQUE KEY `id_membre` (`id_membre`);

--
-- Index pour la table `joueurs`
--
ALTER TABLE `joueurs`
  ADD PRIMARY KEY (`id_joueur`);

--
-- Index pour la table `matches`
--
ALTER TABLE `matches`
  ADD PRIMARY KEY (`id_match`);

--
-- Index pour la table `messages`
--
ALTER TABLE `messages`
  ADD PRIMARY KEY (`id`);

--
-- Index pour la table `pronostics`
--
ALTER TABLE `pronostics`
  ADD PRIMARY KEY (`id_pronostic`);

--
-- Index pour la table `pronostics_bonus`
--
ALTER TABLE `pronostics_bonus`
  ADD UNIQUE KEY `id_membre` (`id_membre`);

--
-- AUTO_INCREMENT pour les tables déchargées
--

--
-- AUTO_INCREMENT pour la table `best_scorer`
--
ALTER TABLE `best_scorer`
  MODIFY `id_joueur` int(11) NOT NULL AUTO_INCREMENT, AUTO_INCREMENT=15;

--
-- AUTO_INCREMENT pour la table `coequipiers`
--
ALTER TABLE `coequipiers`
  MODIFY `id` int(11) NOT NULL AUTO_INCREMENT;

--
-- AUTO_INCREMENT pour la table `demandes`
--
ALTER TABLE `demandes`
  MODIFY `id_demande` int(11) NOT NULL AUTO_INCREMENT, AUTO_INCREMENT=24;

--
-- AUTO_INCREMENT pour la table `equipes`
--
ALTER TABLE `equipes`
  MODIFY `id_equipe` int(11) NOT NULL AUTO_INCREMENT, AUTO_INCREMENT=33;

--
-- AUTO_INCREMENT pour la table `etat`
--
ALTER TABLE `etat`
  MODIFY `id` int(11) NOT NULL AUTO_INCREMENT, AUTO_INCREMENT=3;

--
-- AUTO_INCREMENT pour la table `joueurs`
--
ALTER TABLE `joueurs`
  MODIFY `id_joueur` int(6) UNSIGNED NOT NULL AUTO_INCREMENT, AUTO_INCREMENT=25;

--
-- AUTO_INCREMENT pour la table `matches`
--
ALTER TABLE `matches`
  MODIFY `id_match` int(11) NOT NULL AUTO_INCREMENT, AUTO_INCREMENT=65;

--
-- AUTO_INCREMENT pour la table `messages`
--
ALTER TABLE `messages`
  MODIFY `id` int(11) NOT NULL AUTO_INCREMENT, AUTO_INCREMENT=64;

--
-- AUTO_INCREMENT pour la table `pronostics`
--
ALTER TABLE `pronostics`
  MODIFY `id_pronostic` int(11) NOT NULL AUTO_INCREMENT, AUTO_INCREMENT=3215;
COMMIT;

/*!40101 SET CHARACTER_SET_CLIENT=@OLD_CHARACTER_SET_CLIENT */;
/*!40101 SET CHARACTER_SET_RESULTS=@OLD_CHARACTER_SET_RESULTS */;
/*!40101 SET COLLATION_CONNECTION=@OLD_COLLATION_CONNECTION */;
